<?xml version="1.0" encoding="UTF-8" ?>
<!--file icw_ocn_bemf.xml                                                           -->
<!--brief Embedded Power Modules configuration                                      -->
<!--                                                                                -->
<!--Copyright (c) 2021, Infineon Technologies AG                                    -->
<!--All rights reserved.                                                            -->
<!--                                                                                -->
<!--Redistribution and use in source and binary forms, with or without modification,-->
<!--are permitted provided that the following conditions are met:                   -->
<!--                                                                                -->
<!--  Redistributions of source code must retain the above copyright notice, this   -->
<!--  list of conditions and the following disclaimer.                              -->
<!--                                                                                -->
<!--  Redistributions in binary form must reproduce the above copyright notice,     -->
<!--  this list of conditions and the following disclaimer in the documentation     -->
<!--  and/or other materials provided with the distribution.                        -->
<!--                                                                                -->
<!--  Neither the name of the copyright holders nor the names of its contributors   -->
<!--  may be used to endorse or promote products derived from this software without -->
<!--  specific prior written permission.                                            -->
<!--                                                                                -->
<!--THIS SOFTWARE IS PROVIDED BY THE COPYRIGHT HOLDERS AND CONTRIBUTORS "AS IS" AND -->
<!--ANY EXPRESS OR IMPLIED WARRANTIES, INCLUDING, BUT NOT LIMITED TO, THE IMPLIED   -->
<!--WARRANTIES OF MERCHANTABILITY AND FITNESS FOR A PARTICULAR PURPOSE ARE          -->
<!--DISCLAIMED. IN NO EVENT SHALL THE COPYRIGHT HOLDER OR CONTRIBUTORS BE LIABLE    -->
<!--FOR ANY DIRECT, INDIRECT, INCIDENTAL, SPECIAL, EXEMPLARY, OR CONSEQUENTIAL      -->
<!--DAMAGES (INCLUDING, BUT NOT LIMITED TO, PROCUREMENT OF SUBSTITUTE GOODS OR      -->
<!--SERVICES; LOSS OF USE, DATA, OR PROFITS; OR BUSINESS INTERRUPTION) HOWEVER      -->
<!--CAUSED AND ON ANY THEORY OF LIABILITY, WHETHER IN CONTRACT, STRICT LIABILITY,   -->
<!--OR TORT (INCLUDING NEGLIGENCE OR OTHERWISE) ARISING IN ANY WAY OUT OF THE USE   -->
<!--OF THIS SOFTWARE, EVEN IF ADVISED OF THE POSSIBILITY OF SUCH DAMAGE.            -->
<!--                                                                                -->
<!--********************************************************************************-->
<!--        Infineon Embedded Power Family TLE989x Module Configuration File        -->
<!--********************************************************************************-->
<!--                                                                                -->
<!--********************************************************************************-->
<!--                               Author(s) Identity                               -->
<!--********************************************************************************-->
<!--   Initials     Name                                                            -->
<!--   DM           Daniel Mysliwitz                                                -->
<!--   JO           Julia Ott                                                       -->
<!--   BG           Blandine Guillot                                                -->
<!--********************************************************************************-->
<!--                                                                                -->
<!--********************************************************************************-->
<!--                            Revision Control History                            -->
<!--********************************************************************************-->
<!-- V0.0.1: 2020-09-11, BG:   Initial version                                      -->
<!-- V0.0.2: 2020-10-21, BG:   EP-539: Saved the enable checkbox status in          -->
<!--                           bdrv_defines.h                                       -->
<!-- V0.0.3: 2020-12-11, BG:   EP-646: Updated node names                           -->
<!-- V0.0.4: 2021-01-27, BG:   EP-677: Corrected module enabling behavior           -->
<!-- V0.0.5: 2021-02-08, BG:   EP-690: Updated CW minimal version to 2.6.2          -->
<!--********************************************************************************-->
<ifxmlcfg version="2.6.2">
  <checksum>8a13134357f6a05ef42d7ee963b7cde3f7cc18fe24a620d3b775ce018a41b4f6</checksum>
  <version label="V0.0.5"/>
  <svd file="tle989x.svd"/>

  <verticalcontainer label="BEMFC">
    <header file="bdrv_defines.h">

      <timer visible="false" define="BEMF_INIT" svd="0" interval="1" singleShot="1" run="1" header="">
        <action event="changed" cmd="setDef" data="BEMF_UPDATE.run=1"/>
      </timer>

      <timer visible="false" define="BEMF_UPDATE" svd="0" interval="1" singleShot="1" run="0" header="">
        <!-- Elements in config -->
        <action cond="BDRV.BEMFC_CTRL.BLNK_FILT_BYP==1" event="changed" cmd="setDef" data="BDRV.BEMFC_CTRL.DEMAG_FILT_BYP=1"/>

        <!-- Elements for graph -->
        <action event="changed" cmd="setDef" data="SPIKE_TIME=BDRV.BEMFC_CTRL.CMP_TFILT_SEL.label"/>
        <action event="changed" cmd="setDef" data="BLNK_TIME=BDRV.BEMFC_CTRL.TBLNK_SEL.label"/>
        <action cond="BDRV.BEMFC_CTRL_PHx_COMP_EN==0" event="changed" cmd="setDef" data="BEMF_1=#F0F0F0;BEMF_2=#F0F0F0;BEMF_3=#F0F0F0;BEMF_4=#F0F0F0;BEMF_5=#F0F0F0;VIS_BEMF_1=hidden;VIS_BEMF_2=hidden"/>
        <action cond="(BDRV.BEMFC_CTRL_PHx_COMP_EN==1).*(BDRV.BEMFC_CTRL.BLNK_FILT_BYP==1)" event="changed" cmd="setDef" data="BEMF_1=#000000;BEMF_2=#FFFFF0;BEMF_3=#FFFFF0;BEMF_4=#000000;BEMF_5=#000000;VIS_BEMF_1=visible;VIS_BEMF_2=visible"/>
        <action cond="(BDRV.BEMFC_CTRL_PHx_COMP_EN==1).*(BDRV.BEMFC_CTRL.BLNK_FILT_BYP==0).*(BDRV.BEMFC_CTRL.DEMAG_FILT_BYP==1)" event="changed" cmd="setDef" data="BEMF_1=#000000;BEMF_2=#000000;BEMF_3=#FFFFF0;BEMF_4=#FFFFF0;BEMF_5=#000000;VIS_BEMF_1=hidden;VIS_BEMF_2=visible"/>
        <action cond="(BDRV.BEMFC_CTRL_PHx_COMP_EN==1).*(BDRV.BEMFC_CTRL.BLNK_FILT_BYP==0).*(BDRV.BEMFC_CTRL.DEMAG_FILT_BYP==0)" event="changed" cmd="setDef" data="BEMF_1=#000000;BEMF_2=#000000;BEMF_3=#000000;BEMF_4=#FFFFF0;BEMF_5=#FFFFF0;VIS_BEMF_1=hidden;VIS_BEMF_2=hidden"/>

        <action event="changed" cmd="setDef" data="BEMFC_Block.update=1"/>
      </timer>

      <!-- BEMFC ENABLE -->
      <checkbox label="Enable BEMFC" define="BEMFC.GLOBCONF_EN" svd="0" font="Source Sans Pro,15,0,0,100,1,0,0,0,0" color="255;128;64">
        <action event="checked" cmd="setDef" data="BEMFC_TOP.enabled=1"/>
        <action event="unchecked" cmd="setDef" data="BEMFC_TOP.enabled=0"/>
      </checkbox>

      <groupcontainer define="BEMFC_TOP">

        <verticalcontainer>
          <horizontalcontainer>
            <groupcontainer label="General Settings" font="Source Sans Pro,12,0,0,100,0,0,0,0,0" color="245;179;138">
              <treecontainer headerlabels="Item;Value;" columnwidths="300;250;-1" font="MS Shell Dlg 2,9,-1,5,50,0,0,0,0,0,Regular">
                <checkbox label="Enable comparators" define="BDRV.BEMFC_CTRL_PHx_COMP_EN" default="0" svd="0" header="temp_defines.h">
                  <action event="checked" cmd="setDef" data="BEMF_UPDATE.run=1"/>
                  <action event="unchecked" cmd="setDef" data="BEMF_UPDATE.run=1"/>
                </checkbox>
                <math visible="false" define="BDRV.BEMFC_CTRL.PH1_COMP_EN" formula="BDRV.BEMFC_CTRL_PHx_COMP_EN"/>
                <math visible="false" define="BDRV.BEMFC_CTRL.PH2_COMP_EN" formula="BDRV.BEMFC_CTRL_PHx_COMP_EN"/>
                <math visible="false" define="BDRV.BEMFC_CTRL.PH3_COMP_EN" formula="BDRV.BEMFC_CTRL_PHx_COMP_EN"/>
                <branch label="In case of disabled comparators">
                  <combo label="Phase1 comparator output value" define="BDRV.BEMFC_CTRL.PH1_COMP_DIS_SET" default="label=LOW">
                    <item label="LOW" override="value1"/>
                    <item label="HIGH" override="value2"/>
                  </combo>
                  <combo label="Phase2 comparator output value" define="BDRV.BEMFC_CTRL.PH2_COMP_DIS_SET" default="label=LOW">
                    <item label="LOW" override="value1"/>
                    <item label="HIGH" override="value2"/>
                  </combo>
                  <combo label="Phase3 comparator output value" define="BDRV.BEMFC_CTRL.PH3_COMP_DIS_SET" default="label=LOW">
                    <item label="LOW" override="value1"/>
                    <item label="HIGH" override="value2"/>
                  </combo>
                </branch>
                <branch label="Spike filter">
                  <combo label="Symmetrical spike filter time" define="BDRV.BEMFC_CTRL.CMP_TFILT_SEL" default="label=1us" setdef="BEMF_UPDATE.run=1">
                    <item label="1us" override="value1"/>
                    <item label="2us" override="value2"/>
                    <item label="4us" override="value3"/>
                    <item label="8us" override="value4"/>
                  </combo>
                </branch>
                <checkbox label="Enable Blanking filter" define="BDRV.BEMFC_CTRL.BLNK_FILT_BYP" role="inverted" default="0" setdef="BEMF_UPDATE.run=1" setdefinv="BEMF_UPDATE.run=1" uielement="branch">
                  <combo label="Blanking time" define="BDRV.BEMFC_CTRL.TBLNK_SEL" default="label=6us" setdef="BEMF_UPDATE.run=1">
                    <item label="6us" override="value1"/>
                    <item label="8us" override="value2"/>
                    <item label="12us" override="value3"/>
                    <item label="16us" override="value4"/>
                    <item label="3us" override="value5"/>
                    <item label="not used" hide="value6"/>
                    <item label="not used" hide="value7"/>
                    <item label="not used" hide="value8"/>
                  </combo>
                </checkbox>
                <checkbox label="Enable Demagnetization filter" define="BDRV.BEMFC_CTRL.DEMAG_FILT_BYP" role="inverted" default="0">
                  <action event="checked" cmd="setDef" data="BEMF_UPDATE.run=1"/>
                  <action event="unchecked" cmd="setDef" data="BEMF_UPDATE.run=1"/>
                </checkbox>
                <branch label="Trigger output">
                  <combo label="Trigger selection" define="BDRV.BEMFC_CTRL.TRIG_SEL" default="label=Software">
                    <item label="Software" override="value1"/>
                    <item label="BEMFC_CTRL.PH1_ZC_STS" override="value2"/>
                    <item label="BEMFC_CTRL.PH2_ZC_STS" override="value3"/>
                    <item label="BEMFC_CTRL.PH3_ZC_STS" override="value4"/>
                  </combo>
                </branch>
              </treecontainer>
            </groupcontainer>

            <groupcontainer label="Interrupts" font="Source Sans Pro,12,0,0,100,0,0,0,0,0" color="255;224;84">
              <treecontainer headerlabels="Item;Value;" columnwidths="300;250;-1" font="MS Shell Dlg 2,9,-1,5,50,0,0,0,0,0,Regular">
                <branch label="Phase 1">
                  <combo label="Node Selection" define="SCU.INP3.INP_BEMF0" header="isr_defines.h">
                    <item label="BEMF_SDADC_INP0_NVIC_IRQn" override="value1" lockon="CPU.NVIC_ISER.IRQEN18=1"/>
                    <item label="BEMF_SDADC_INP1_NVIC_IRQn" override="value2" lockon="CPU.NVIC_ISER.IRQEN19=1"/>
                  </combo>
                  <checkbox label="Phase1 Zero Crossing Rising" define="BDRV.PH1_ZC_RISE_INT_EN" uielement="branch" svd="0" header="isr_defines.h">      
                    <checkbox label="Enable Interrupt" define="BDRV.BEMFC_IRQEN.PH1_ZCRISE_IEN" header="isr_defines.h"/>
                    <edit label="Callback" define="BDRV.PH1_ZC_RISE_CALLBACK" svd="0" default="place_your_function_callback_here" header="isr_defines.h"/>
                  </checkbox> 
                  <checkbox label="Phase1 Zero Crossing Falling" define="BDRV.PH1_ZC_FALL_INT_EN" uielement="branch" svd="0" header="isr_defines.h">      
                    <checkbox label="Enable Interrupt" define="BDRV.BEMFC_IRQEN.PH1_ZCFALL_IEN" header="isr_defines.h"/>
                    <edit label="Callback" define="BDRV.PH1_ZC_FALL_CALLBACK" svd="0" default="place_your_function_callback_here" header="isr_defines.h"/>
                  </checkbox>
                </branch>
                <branch label="Phase 2">
                  <combo label="Node Selection" define="SCU.INP3.INP_BEMF1" header="isr_defines.h">
                    <item label="BEMF_SDADC_INP0_NVIC_IRQn" override="value1" lockon="CPU.NVIC_ISER.IRQEN18=1"/>
                    <item label="BEMF_SDADC_INP1_NVIC_IRQn" override="value2" lockon="CPU.NVIC_ISER.IRQEN19=1"/>
                  </combo>
                  <checkbox label="Phase2 Zero Crossing Rising" define="BDRV.PH2_ZC_RISE_INT_EN" uielement="branch" svd="0" header="isr_defines.h">      
                    <checkbox label="Enable Interrupt" define="BDRV.BEMFC_IRQEN.PH2_ZCRISE_IEN" header="isr_defines.h"/>
                    <edit label="Callback" define="BDRV.PH2_ZC_RISE_CALLBACK" svd="0" default="place_your_function_callback_here" header="isr_defines.h"/>
                  </checkbox> 
                  <checkbox label="Phase2 Zero Crossing Falling" define="BDRV.PH2_ZC_FALL_INT_EN" uielement="branch" svd="0" header="isr_defines.h">      
                    <checkbox label="Enable Interrupt" define="BDRV.BEMFC_IRQEN.PH2_ZCFALL_IEN" header="isr_defines.h"/>
                    <edit label="Callback" define="BDRV.PH2_ZC_FALL_CALLBACK" svd="0" default="place_your_function_callback_here" header="isr_defines.h"/>
                  </checkbox>
                </branch>
                <branch label="Phase 3">
                  <combo label="Node Selection" define="SCU.INP3.INP_BEMF2" header="isr_defines.h">
                    <item label="BEMF_SDADC_INP0_NVIC_IRQn" override="value1" lockon="CPU.NVIC_ISER.IRQEN18=1"/>
                    <item label="BEMF_SDADC_INP1_NVIC_IRQn" override="value2" lockon="CPU.NVIC_ISER.IRQEN19=1"/>
                  </combo>
                  <checkbox label="Phase3 Zero Crossing Rising" define="BDRV.PH3_ZC_RISE_INT_EN" uielement="branch" svd="0" header="isr_defines.h">      
                    <checkbox label="Enable Interrupt" define="BDRV.BEMFC_IRQEN.PH3_ZCRISE_IEN" header="isr_defines.h"/>
                    <edit label="Callback" define="BDRV.PH3_ZC_RISE_CALLBACK" svd="0" default="place_your_function_callback_here" header="isr_defines.h"/>
                  </checkbox> 
                  <checkbox label="Phase3 Zero Crossing Falling" define="BDRV.PH3_ZC_FALL_INT_EN" uielement="branch" svd="0" header="isr_defines.h">      
                    <checkbox label="Enable Interrupt" define="BDRV.BEMFC_IRQEN.PH3_ZCFALL_IEN" header="isr_defines.h"/>
                    <edit label="Callback" define="BDRV.PH3_ZC_FALL_CALLBACK" svd="0" default="place_your_function_callback_here" header="isr_defines.h"/>
                  </checkbox>
                </branch>
              </treecontainer>
            </groupcontainer>
          </horizontalcontainer>

          <groupcontainer label="BEMFC Diagram">
            <groupcontainer visible="false">
              <!-- Inputs for graph -->
              <edit visible="false" label="spike_time" define="SPIKE_TIME" svd="0" header=""/>
              <edit visible="false" label="blnk_time" define="BLNK_TIME" svd="0" header=""/>
              <!-- Colors for graph -->
              <edit visible="false" label="bemf_1" define="BEMF_1" svd="0" header=""/>
              <edit visible="false" label="bemf_2" define="BEMF_2" svd="0" header=""/>
              <edit visible="false" label="bemf_3" define="BEMF_3" svd="0" header=""/>
              <edit visible="false" label="bemf_4" define="BEMF_4" svd="0" header=""/>
              <edit visible="false" label="bemf_5" define="BEMF_5" svd="0" header=""/>
              <edit visible="false" label="vis_bemf_1" define="VIS_BEMF_1" svd="0" header=""/>
              <edit visible="false" label="vis_bemf_2" define="VIS_BEMF_2" svd="0" header=""/>
            </groupcontainer>

            <svgembed define="BEMFC_Block" passive="1">
              <svg viewBox="0 0 1880 350">
                <rect width="1880" height="350" style="fill:#FFFFF0;stroke-width:0.30644634"/>
                <g id="motor">
                  <circle cx="200" cy="175" r="100" stroke="black" stroke-width="3" fill="none"/>
                  <!-- Phase 1 -->
                  <circle cx="200" cy="125" r="15" stroke="black" stroke-width="1" fill="none"/>
                  <line x1="200" y1="75" x2="200" y2="175" style="stroke:black;stroke-width:1"/>
                  <line x1="175" y1="110" x2="175" y2="140" style="stroke:black;stroke-width:1"/>
                  <path d="M175 140 L170 130 L180 130 Z"/>
                  <text x="150" y="125" fill="black" text-anchor="middle" font-size="14">Phase 1</text>
                  <line x1="200" y1="50" x2="200" y2="75" style="stroke:#ABD9E4;stroke-width:2"/>
                  <line x1="200" y1="50" x2="350" y2="50" style="stroke:#ABD9E4;stroke-width:2"/>
                  <line x1="350" y1="50" x2="350" y2="160" style="stroke:#ABD9E4;stroke-width:2"/>
                  <line x1="350" y1="160" x2="735" y2="160" style="stroke:#ABD9E4;stroke-width:2"/>
                  <line x1="735" y1="59" x2="735" y2="299" style="stroke:#ABD9E4;stroke-width:2"/>
                  <line x1="735" y1="59" x2="800" y2="59" style="stroke:#ABD9E4;stroke-width:2"/>
                  <line x1="735" y1="189" x2="800" y2="189" style="stroke:#ABD9E4;stroke-width:2"/>
                  <line x1="735" y1="299" x2="800" y2="299" style="stroke:#ABD9E4;stroke-width:2"/>
                  <!-- Phase 2 -->
                  <circle cx="243" cy="200" r="15" stroke="black" stroke-width="1" fill="none"/>
                  <line x1="200" y1="175" x2="287" y2="225" style="stroke:black;stroke-width:1"/>
                  <line x1="243" y1="171" x2="269" y2="186" style="stroke:black;stroke-width:1"/>
                  <path d="M243 171 L253 171 L248 181 Z"/>
                  <text x="265" y="160" fill="black" text-anchor="middle" font-size="14">Phase 2</text>
                  <line x1="287" y1="225" x2="350" y2="225" style="stroke:#D67EB1;stroke-width:2"/>
                  <line x1="350" y1="225" x2="350" y2="175" style="stroke:#D67EB1;stroke-width:2"/>
                  <line x1="350" y1="175" x2="725" y2="175" style="stroke:#D67EB1;stroke-width:2"/>
                  <line x1="725" y1="79" x2="725" y2="319" style="stroke:#D67EB1;stroke-width:2"/>
                  <line x1="725" y1="79" x2="800" y2="79" style="stroke:#D67EB1;stroke-width:2"/>
                  <line x1="725" y1="169" x2="800" y2="169" style="stroke:#D67EB1;stroke-width:2"/>
                  <line x1="725" y1="319" x2="800" y2="319" style="stroke:#D67EB1;stroke-width:2"/>
                  <!-- Phase 3 -->
                  <circle cx="157" cy="200" r="15" stroke="black" stroke-width="1" fill="none"/>
                  <line x1="200" y1="175" x2="113" y2="225" style="stroke:black;stroke-width:1"/>
                  <line x1="157" y1="229" x2="183" y2="214" style="stroke:black;stroke-width:1"/>
                  <path d="M183 214 L173 214 L178 224 Z"/>
                  <text x="190" y="240" fill="black" text-anchor="middle" font-size="14">Phase 3</text>
                  <line x1="113" y1="225" x2="113" y2="300" style="stroke:#CED9A4;stroke-width:2"/>
                  <line x1="113" y1="300" x2="370" y2="300" style="stroke:#CED9A4;stroke-width:2"/>
                  <line x1="370" y1="300" x2="370" y2="190" style="stroke:#CED9A4;stroke-width:2"/>
                  <line x1="370" y1="190" x2="715" y2="190" style="stroke:#CED9A4;stroke-width:2"/>        
                  <line x1="715" y1="99" x2="715" y2="279" style="stroke:#CED9A4;stroke-width:2"/>
                  <line x1="715" y1="99" x2="800" y2="99" style="stroke:#CED9A4;stroke-width:2"/>
                  <line x1="715" y1="209" x2="800" y2="209" style="stroke:#CED9A4;stroke-width:2"/>
                  <line x1="715" y1="279" x2="800" y2="279" style="stroke:#CED9A4;stroke-width:2"/>
                </g>

                <g id="bdrv">
                  <!-- Half-Bridge 1 - High Side -->
                  <line x1="450" y1="75" x2="450" y2="105" style="stroke:black;stroke-width:1"/>
                  <line x1="450" y1="105" x2="460" y2="105" style="stroke:black;stroke-width:1"/>
                  <line x1="460" y1="105" x2="460" y2="145" style="stroke:black;stroke-width:1"/>
                  <line x1="450" y1="145" x2="460" y2="145" style="stroke:black;stroke-width:1"/>
                  <line x1="450" y1="145" x2="450" y2="175" style="stroke:black;stroke-width:1"/>
                  <line x1="465" y1="105" x2="465" y2="145" style="stroke:black;stroke-width:1"/>
                  <line x1="465" y1="145" x2="475" y2="145" style="stroke:black;stroke-width:1"/>
                  <!-- Half-Bridge 1 - Low Side -->
                  <line x1="450" y1="175" x2="450" y2="205" style="stroke:black;stroke-width:1"/>
                  <line x1="450" y1="205" x2="460" y2="205" style="stroke:black;stroke-width:1"/>
                  <line x1="460" y1="205" x2="460" y2="245" style="stroke:black;stroke-width:1"/>
                  <line x1="450" y1="245" x2="460" y2="245" style="stroke:black;stroke-width:1"/>
                  <line x1="450" y1="245" x2="450" y2="275" style="stroke:black;stroke-width:1"/>
                  <line x1="465" y1="205" x2="465" y2="245" style="stroke:black;stroke-width:1"/>
                  <line x1="465" y1="245" x2="475" y2="245" style="stroke:black;stroke-width:1"/>
                  <!-- Half-Bridge 2 - High Side -->
                  <line x1="530" y1="55" x2="530" y2="105" style="stroke:black;stroke-width:1"/>
                  <line x1="530" y1="105" x2="540" y2="105" style="stroke:black;stroke-width:1"/>
                  <line x1="540" y1="105" x2="540" y2="145" style="stroke:black;stroke-width:1"/>
                  <line x1="530" y1="145" x2="540" y2="145" style="stroke:black;stroke-width:1"/>
                  <line x1="530" y1="145" x2="530" y2="175" style="stroke:black;stroke-width:1"/>
                  <line x1="545" y1="105" x2="545" y2="145" style="stroke:black;stroke-width:1"/>
                  <line x1="545" y1="145" x2="555" y2="145" style="stroke:black;stroke-width:1"/>
                  <!-- Half-Bridge 2 - Low Side -->
                  <line x1="530" y1="175" x2="530" y2="205" style="stroke:black;stroke-width:1"/>
                  <line x1="530" y1="205" x2="540" y2="205" style="stroke:black;stroke-width:1"/>
                  <line x1="540" y1="205" x2="540" y2="245" style="stroke:black;stroke-width:1"/>
                  <line x1="530" y1="245" x2="540" y2="245" style="stroke:black;stroke-width:1"/>
                  <line x1="530" y1="245" x2="530" y2="295" style="stroke:black;stroke-width:1"/>
                  <line x1="545" y1="205" x2="545" y2="245" style="stroke:black;stroke-width:1"/>
                  <line x1="545" y1="245" x2="555" y2="245" style="stroke:black;stroke-width:1"/>
                  <!-- Half-Bridge 3 - High Side -->
                  <line x1="610" y1="75" x2="610" y2="105" style="stroke:black;stroke-width:1"/>
                  <line x1="610" y1="105" x2="620" y2="105" style="stroke:black;stroke-width:1"/>
                  <line x1="620" y1="105" x2="620" y2="145" style="stroke:black;stroke-width:1"/>
                  <line x1="610" y1="145" x2="620" y2="145" style="stroke:black;stroke-width:1"/>
                  <line x1="610" y1="145" x2="610" y2="175" style="stroke:black;stroke-width:1"/>
                  <line x1="625" y1="105" x2="625" y2="145" style="stroke:black;stroke-width:1"/>
                  <line x1="625" y1="145" x2="635" y2="145" style="stroke:black;stroke-width:1"/>
                  <!-- Half-Bridge 3 - Low Side -->
                  <line x1="610" y1="175" x2="610" y2="205" style="stroke:black;stroke-width:1"/>
                  <line x1="610" y1="205" x2="620" y2="205" style="stroke:black;stroke-width:1"/>
                  <line x1="620" y1="205" x2="620" y2="245" style="stroke:black;stroke-width:1"/>
                  <line x1="610" y1="245" x2="620" y2="245" style="stroke:black;stroke-width:1"/>
                  <line x1="610" y1="245" x2="610" y2="275" style="stroke:black;stroke-width:1"/>
                  <line x1="625" y1="205" x2="625" y2="245" style="stroke:black;stroke-width:1"/>
                  <line x1="625" y1="245" x2="635" y2="245" style="stroke:black;stroke-width:1"/>
                  <!-- Others -->
                  <text x="440" y="150" font-weight="bold" fill="#ABD9E4" text-anchor="end" font-size="14">SH1</text>
                  <text x="520" y="210" font-weight="bold" fill="#D67EB1" text-anchor="end" font-size="14">SH2</text>
                  <text x="600" y="210" font-weight="bold" fill="#CED9A4" text-anchor="end" font-size="14">SH3</text>
                  <line x1="450" y1="75" x2="610" y2="75" style="stroke:black;stroke-width:1"/>
                  <circle cx="530" cy="75" r="3" stroke="black" stroke-width="1" fill="black"/>
                  <line x1="450" y1="275" x2="610" y2="275" style="stroke:black;stroke-width:1"/>
                  <circle cx="530" cy="275" r="3" stroke="black" stroke-width="1" fill="black"/>
                  <circle cx="450" cy="160" r="3" stroke="black" stroke-width="1" fill="black"/>
                  <circle cx="530" cy="175" r="3" stroke="black" stroke-width="1" fill="black"/>
                  <circle cx="610" cy="190" r="3" stroke="black" stroke-width="1" fill="black"/>
                </g>

                <g id="bemf1">
                  <!-- BEMF Comparator -->
                  <rect x="800" y="20" rx="10" ry="10" width="130" height="90" style="fill:none;stroke-width:2;stroke:$BEMF_1$"/>
                  <text x="865" y="40" font-weight="bold" fill="$BEMF_1$" text-anchor="middle" font-size="15">Ph1 Comparator</text>
                  <line x1="800" y1="59" x2="820" y2="59" style="stroke:$BEMF_1$;stroke-width:1"/>
                  <rect x="820" y="55" width="25" height="8" style="fill:none;stroke-width:2;stroke:$BEMF_1$"/>
                  <line x1="800" y1="79" x2="820" y2="79" style="stroke:$BEMF_1$;stroke-width:1"/>
                  <rect x="820" y="75" width="25" height="8" style="fill:none;stroke-width:2;stroke:$BEMF_1$"/>
                  <line x1="800" y1="99" x2="820" y2="99" style="stroke:$BEMF_1$;stroke-width:1"/>
                  <rect x="820" y="95" width="25" height="8" style="fill:none;stroke-width:2;stroke:$BEMF_1$"/>
                  <line x1="845" y1="59" x2="870" y2="59" style="stroke:$BEMF_1$;stroke-width:1"/>
                  <line x1="845" y1="79" x2="855" y2="79" style="stroke:$BEMF_1$;stroke-width:1"/>
                  <line x1="845" y1="99" x2="855" y2="99" style="stroke:$BEMF_1$;stroke-width:1"/>
                  <line x1="855" y1="79" x2="855" y2="99" style="stroke:$BEMF_1$;stroke-width:1"/>
                  <line x1="855" y1="89" x2="870" y2="89" style="stroke:$BEMF_1$;stroke-width:1"/>
                  <polyline points="870,49 870,99 910,74 870,49" style="fill:none;stroke:$BEMF_1$;stroke-width:1"/>
                  <text x="878" y="64" fill="$BEMF_1$" text-anchor="middle" font-size="14">+</text>
                  <text x="878" y="94" fill="$BEMF_1$" text-anchor="middle" font-size="14">-</text>
                  <line x1="910" y1="74" x2="1010" y2="74" style="stroke:$BEMF_1$;stroke-width:1"/>
                  <path d="M1010 74 L1000 69 L1000 79 Z" fill="$BEMF_1$"/>
                  <!-- Spike Filter -->
                  <rect x="1010" y="30" rx="10" ry="10" width="130" height="80" style="fill:none;stroke-width:2;stroke:$BEMF_1$"/>
                  <text x="1075" y="69" font-weight="bold" fill="$BEMF_1$" text-anchor="middle" font-size="16">Spike Filter 1</text>
                  <text x="1075" y="94" fill="$BEMF_1$" text-anchor="middle" font-size="14">Filter time = $SPIKE_TIME$</text>
                  <line x1="1140" y1="74" x2="1220" y2="74" style="stroke:$BEMF_1$;stroke-width:1"/>
                  <path d="M1220 74 L1210 69 L1210 79 Z" fill="$BEMF_2$"/>
                  <!-- Blanking Filter -->
                  <rect x="1220" y="30" rx="10" ry="10" width="130" height="80" style="fill:none;stroke-width:2;stroke:$BEMF_2$"/>
                  <text x="1285" y="69" font-weight="bold" fill="$BEMF_2$" text-anchor="middle" font-size="16">Blanking Filter 1</text>
                  <text x="1285" y="94" fill="$BEMF_2$" text-anchor="middle" font-size="14">Filter time = $BLNK_TIME$</text>
                  <line x1="1350" y1="74" x2="1430" y2="74" style="stroke:$BEMF_2$;stroke-width:1"/>
                  <path d="M1430 74 L1420 69 L1420 79 Z" fill="$BEMF_3$"/>  
                  <!-- Demag Filter -->
                  <rect x="1430" y="30" rx="10" ry="10" width="130" height="80" style="fill:none;stroke-width:2;stroke:$BEMF_3$"/>
                  <text x="1495" y="79" font-weight="bold" fill="$BEMF_3$" text-anchor="middle" font-size="16">Demag Filter 1</text>
                  <!-- Output -->
                  <line x1="1560" y1="74" x2="1620" y2="74" style="stroke:$BEMF_1$;stroke-width:1"/>
                  <path d="M1620 74 L1610 69 L1610 79 Z" fill="$BEMF_1$"/>
                  <text x="1630" y="79" fill="$BEMF_1$" text-anchor="start" font-size="18">PH1_ZC_STS</text>
                  <!-- In case Blanking is missing -->
                  <line x1="1210" y1="74" x2="1430" y2="74" style="stroke:$BEMF_4$;stroke-width:1" visibility="$VIS_BEMF_1$"/>
                  <!-- In case Demag is missing -->
                  <line x1="1420" y1="74" x2="1560" y2="74" style="stroke:$BEMF_5$;stroke-width:1" visibility="$VIS_BEMF_2$"/>
                </g>

                <g id="bemf2">
                  <!-- BEMF Comparator -->
                  <rect x="800" y="130" rx="10" ry="10" width="130" height="90" style="fill:none;stroke-width:2;stroke:$BEMF_1$"/>
                  <text x="865" y="150" font-weight="bold" fill="$BEMF_1$" text-anchor="middle" font-size="15">Ph2 Comparator</text>
                  <line x1="800" y1="169" x2="820" y2="169" style="stroke:$BEMF_1$;stroke-width:1"/>
                  <rect x="820" y="165" width="25" height="8" style="fill:none;stroke-width:2;stroke:$BEMF_1$"/>
                  <line x1="800" y1="189" x2="820" y2="189" style="stroke:$BEMF_1$;stroke-width:1"/>
                  <rect x="820" y="185" width="25" height="8" style="fill:none;stroke-width:2;stroke:$BEMF_1$"/>
                  <line x1="800" y1="209" x2="820" y2="209" style="stroke:$BEMF_1$;stroke-width:1"/>
                  <rect x="820" y="205" width="25" height="8" style="fill:none;stroke-width:2;stroke:$BEMF_1$"/>
                  <line x1="845" y1="169" x2="870" y2="169" style="stroke:$BEMF_1$;stroke-width:1"/>
                  <line x1="845" y1="189" x2="855" y2="189" style="stroke:$BEMF_1$;stroke-width:1"/>
                  <line x1="845" y1="209" x2="855" y2="209" style="stroke:$BEMF_1$;stroke-width:1"/>
                  <line x1="855" y1="189" x2="855" y2="209" style="stroke:$BEMF_1$;stroke-width:1"/>
                  <line x1="855" y1="199" x2="870" y2="199" style="stroke:$BEMF_1$;stroke-width:1"/>
                  <polyline points="870,159 870,209 910,184 870,159" style="fill:none;stroke:$BEMF_1$;stroke-width:1"/>
                  <text x="878" y="174" fill="$BEMF_1$" text-anchor="middle" font-size="14">+</text>
                  <text x="878" y="204" fill="$BEMF_1$" text-anchor="middle" font-size="14">-</text>
                  <line x1="910" y1="184" x2="1010" y2="184" style="stroke:$BEMF_1$;stroke-width:1"/>
                  <path d="M1010 184 L1000 179 L1000 189 Z" fill="$BEMF_1$"/>
                  <!-- Spike Filter -->
                  <rect x="1010" y="145" rx="10" ry="10" width="130" height="80" style="fill:none;stroke-width:2;stroke:$BEMF_1$"/>
                  <text x="1075" y="179" font-weight="bold" fill="$BEMF_1$" text-anchor="middle" font-size="16">Spike Filter 2</text>
                  <text x="1075" y="204" fill="$BEMF_1$" text-anchor="middle" font-size="14">Filter time = $SPIKE_TIME$</text>
                  <line x1="1140" y1="184" x2="1220" y2="184" style="stroke:$BEMF_1$;stroke-width:1"/>
                  <path d="M1220 184 L1210 179 L1210 189 Z" fill="$BEMF_2$"/>
                  <!-- Blanking Filter -->
                  <rect x="1220" y="145" rx="10" ry="10" width="130" height="80" style="fill:none;stroke-width:2;stroke:$BEMF_2$"/>
                  <text x="1285" y="179" font-weight="bold" fill="$BEMF_2$" text-anchor="middle" font-size="16">Blanking Filter 2</text>
                  <text x="1285" y="204" fill="$BEMF_2$" text-anchor="middle" font-size="14">Filter time = $BLNK_TIME$</text>
                  <line x1="1350" y1="184" x2="1430" y2="184" style="stroke:$BEMF_2$;stroke-width:1"/>
                  <path d="M1430 184 L1420 179 L1420 189 Z" fill="$BEMF_3$"/>  
                  <!-- Demag Filter -->
                  <rect x="1430" y="145" rx="10" ry="10" width="130" height="80" style="fill:none;stroke-width:2;stroke:$BEMF_3$"/>
                  <text x="1495" y="194" font-weight="bold" fill="$BEMF_3$" text-anchor="middle" font-size="16">Demag Filter 2</text>
                  <!-- Output -->
                  <line x1="1560" y1="184" x2="1620" y2="184" style="stroke:$BEMF_1$;stroke-width:1"/>
                  <path d="M1620 184 L1610 179 L1610 189 Z" fill="$BEMF_1$"/>
                  <text x="1630" y="189" fill="$BEMF_1$" text-anchor="start" font-size="18">PH2_ZC_STS</text>
                  <!-- In case Blanking is missing -->
                  <line x1="1210" y1="184" x2="1430" y2="184" style="stroke:$BEMF_4$;stroke-width:1" visibility="$VIS_BEMF_1$"/>
                  <!-- In case Demag is missing -->
                  <line x1="1420" y1="184" x2="1560" y2="184" style="stroke:$BEMF_5$;stroke-width:1" visibility="$VIS_BEMF_2$"/>
                </g>

                <g id="bemf3">
                  <!-- BEMF Comparator -->
                  <rect x="800" y="240" rx="10" ry="10" width="130" height="90" style="fill:none;stroke-width:2;stroke:$BEMF_1$"/>
                  <text x="865" y="260" font-weight="bold" fill="$BEMF_1$" text-anchor="middle" font-size="15">Ph3 Comparator</text>
                  <line x1="800" y1="279" x2="820" y2="279" style="stroke:$BEMF_1$;stroke-width:1"/>
                  <rect x="820" y="275" width="25" height="8" style="fill:none;stroke-width:2;stroke:$BEMF_1$"/>
                  <line x1="800" y1="299" x2="820" y2="299" style="stroke:$BEMF_1$;stroke-width:1"/>
                  <rect x="820" y="295" width="25" height="8" style="fill:none;stroke-width:2;stroke:$BEMF_1$"/>
                  <line x1="800" y1="319" x2="820" y2="319" style="stroke:$BEMF_1$;stroke-width:1"/>
                  <rect x="820" y="315" width="25" height="8" style="fill:none;stroke-width:2;stroke:$BEMF_1$"/>
                  <line x1="845" y1="279" x2="870" y2="279" style="stroke:$BEMF_1$;stroke-width:1"/>
                  <line x1="845" y1="299" x2="855" y2="299" style="stroke:$BEMF_1$;stroke-width:1"/>
                  <line x1="845" y1="319" x2="855" y2="319" style="stroke:$BEMF_1$;stroke-width:1"/>
                  <line x1="855" y1="299" x2="855" y2="319" style="stroke:$BEMF_1$;stroke-width:1"/>
                  <line x1="855" y1="309" x2="870" y2="309" style="stroke:$BEMF_1$;stroke-width:1"/>
                  <polyline points="870,269 870,319 910,294 870,269" style="fill:none;stroke:$BEMF_1$;stroke-width:1"/>
                  <text x="878" y="284" fill="$BEMF_1$" text-anchor="middle" font-size="14">+</text>
                  <text x="878" y="314" fill="$BEMF_1$" text-anchor="middle" font-size="14">-</text>
                  <line x1="910" y1="294" x2="1010" y2="294" style="stroke:$BEMF_1$;stroke-width:1"/>
                  <path d="M1010 294 L1000 289 L1000 299 Z" fill="$BEMF_1$"/>
                  <!-- Spike Filter -->
                  <rect x="1010" y="255" rx="10" ry="10" width="130" height="80" style="fill:none;stroke-width:2;stroke:$BEMF_1$"/>
                  <text x="1075" y="289" font-weight="bold" fill="$BEMF_1$" text-anchor="middle" font-size="16">Spike Filter 3</text>
                  <text x="1075" y="314" fill="$BEMF_1$" text-anchor="middle" font-size="14">Filter time = $SPIKE_TIME$</text>
                  <line x1="1140" y1="294" x2="1220" y2="294" style="stroke:$BEMF_1$;stroke-width:1"/>
                  <path d="M1220 294 L1210 289 L1210 299 Z" fill="$BEMF_2$"/>
                  <!-- Blanking Filter -->
                  <rect x="1220" y="255" rx="10" ry="10" width="130" height="80" style="fill:none;stroke-width:2;stroke:$BEMF_2$"/>
                  <text x="1285" y="289" font-weight="bold" fill="$BEMF_2$" text-anchor="middle" font-size="16">Blanking Filter 3</text>
                  <text x="1285" y="314" fill="$BEMF_2$" text-anchor="middle" font-size="14">Filter time = $BLNK_TIME$</text>
                  <line x1="1350" y1="294" x2="1430" y2="294" style="stroke:$BEMF_2$;stroke-width:1"/>
                  <path d="M1430 294 L1420 289 L1420 299 Z" fill="$BEMF_3$"/>  
                  <!-- Demag Filter -->
                  <rect x="1430" y="255" rx="10" ry="10" width="130" height="80" style="fill:none;stroke-width:2;stroke:$BEMF_3$"/>
                  <text x="1495" y="299" font-weight="bold" fill="$BEMF_3$" text-anchor="middle" font-size="16">Demag Filter 3</text>
                  <!-- Output -->
                  <line x1="1560" y1="294" x2="1620" y2="294" style="stroke:$BEMF_1$;stroke-width:1"/>
                  <path d="M1620 294 L1610 289 L1610 299 Z" fill="$BEMF_1$"/>
                  <text x="1630" y="299" fill="$BEMF_1$" text-anchor="start" font-size="18">PH3_ZC_STS</text>
                  <!-- In case Blanking is missing -->
                  <line x1="1210" y1="294" x2="1430" y2="294" style="stroke:$BEMF_4$;stroke-width:1" visibility="$VIS_BEMF_1$"/>
                  <!-- In case Demag is missing -->
                  <line x1="1420" y1="294" x2="1560" y2="294" style="stroke:$BEMF_5$;stroke-width:1" visibility="$VIS_BEMF_2$"/>
                </g>
              </svg>
            </svgembed>
          </groupcontainer>
        </verticalcontainer>

      </groupcontainer>
    </header>
  </verticalcontainer>

</ifxmlcfg>
