<?xml version="1.0" encoding="UTF-8" ?>
<!--file template_ssc_interrupt.xml                                                 -->
<!--brief Embedded Power Modules configuration                                      -->
<!--                                                                                -->
<!--Copyright (c) 2021, Infineon Technologies AG                                    -->
<!--All rights reserved.                                                            -->
<!--                                                                                -->
<!--Redistribution and use in source and binary forms, with or without modification,-->
<!--are permitted provided that the following conditions are met:                   -->
<!--                                                                                -->
<!--  Redistributions of source code must retain the above copyright notice, this   -->
<!--  list of conditions and the following disclaimer.                              -->
<!--                                                                                -->
<!--  Redistributions in binary form must reproduce the above copyright notice,     -->
<!--  this list of conditions and the following disclaimer in the documentation     -->
<!--  and/or other materials provided with the distribution.                        -->
<!--                                                                                -->
<!--  Neither the name of the copyright holders nor the names of its contributors   -->
<!--  may be used to endorse or promote products derived from this software without -->
<!--  specific prior written permission.                                            -->
<!--                                                                                -->
<!--THIS SOFTWARE IS PROVIDED BY THE COPYRIGHT HOLDERS AND CONTRIBUTORS "AS IS" AND -->
<!--ANY EXPRESS OR IMPLIED WARRANTIES, INCLUDING, BUT NOT LIMITED TO, THE IMPLIED   -->
<!--WARRANTIES OF MERCHANTABILITY AND FITNESS FOR A PARTICULAR PURPOSE ARE          -->
<!--DISCLAIMED. IN NO EVENT SHALL THE COPYRIGHT HOLDER OR CONTRIBUTORS BE LIABLE    -->
<!--FOR ANY DIRECT, INDIRECT, INCIDENTAL, SPECIAL, EXEMPLARY, OR CONSEQUENTIAL      -->
<!--DAMAGES (INCLUDING, BUT NOT LIMITED TO, PROCUREMENT OF SUBSTITUTE GOODS OR      -->
<!--SERVICES; LOSS OF USE, DATA, OR PROFITS; OR BUSINESS INTERRUPTION) HOWEVER      -->
<!--CAUSED AND ON ANY THEORY OF LIABILITY, WHETHER IN CONTRACT, STRICT LIABILITY,   -->
<!--OR TORT (INCLUDING NEGLIGENCE OR OTHERWISE) ARISING IN ANY WAY OUT OF THE USE   -->
<!--OF THIS SOFTWARE, EVEN IF ADVISED OF THE POSSIBILITY OF SUCH DAMAGE.            -->
<!--                                                                                -->
<!--********************************************************************************-->
<!--        Infineon Embedded Power Family TLE989x Module Configuration File        -->
<!--********************************************************************************-->
<!--                                                                                -->
<!--********************************************************************************-->
<!--                               Author(s) Identity                               -->
<!--********************************************************************************-->
<!--   Initials     Name                                                            -->
<!--   DM           Daniel Mysliwitz                                                -->
<!--   JO           Julia Ott                                                       -->
<!--   BG           Blandine Guillot                                                -->
<!--********************************************************************************-->
<!--                                                                                -->
<!--********************************************************************************-->
<!--                            Revision Control History                            -->
<!--********************************************************************************-->
<!-- V0.0.1: 2020-09-11, BG:   Initial version                                      -->
<!-- V0.1.0: 2020-10-23, BG:   EP-482: Added doctype and checksum                   -->
<!-- V0.1.1: 2021-02-08, BG:   EP-690: Updated CW minimal version to 2.6.2          -->
<!--********************************************************************************-->

<!-- Module Definition -->
<!-- IDX: SSC0, SSC1 -->

<ifxmlcfg version="2.6.2">
  <checksum>95171c140aa20c1d038d5ec20cbe1ce82138aba732c982249cc98681627ebf94</checksum>
  <version label="V0.1.1"/>
  <svd file="tle989x.svd"/>
  <usesPython/>
  <!-- INTERRUPT -->
  <groupcontainer label="Interrupts" font="Source Sans Pro,12,0,0,100,0,0,0,0,0" color="245;179;138" size="500;-1">
    <header file="ssc_defines.h">
      <verticalcontainer>

        <!-- Transmit Interrupt -->
        <include IDX="$IDX$" INT="TI" INT_TXT="Transmit">template_ssc_inten.xml</include>
        <!-- Enable Transmit Interrupt -->
        <include IDX="$IDX$" INT="TI" INT_TXT="Transmit">template_ssc_enint.xml</include>
        <!-- Transmit Interrupt Node Selection -->
        <include IDX="$IDX$" INT="TI">template_ssc_intnode.xml</include>
        <!-- Transmit Interrupt Callback -->
        <include IDX="$IDX$" INT="TI">template_ssc_intcb.xml</include>

        <!-- Receive Interrupt -->
        <include IDX="$IDX$" INT="RI" INT_TXT="Receive">template_ssc_inten.xml</include>
        <!-- Enable Receive Interrupt -->
        <include IDX="$IDX$" INT="RI" INT_TXT="Receive">template_ssc_enint.xml</include>
        <!-- Receive Interrupt Node Selection -->
        <include IDX="$IDX$" INT="RI">template_ssc_intnode.xml</include>
        <!-- Transmit Interrupt Callback -->
        <include IDX="$IDX$" INT="RI">template_ssc_intcb.xml</include>

        <!-- Error Interrupt -->
        <include IDX="$IDX$" INT="ERR" INT_TXT="Error">template_ssc_inten.xml</include>
        <!-- Error Interrupt Node Selection -->
        <include IDX="$IDX$" INT="EI">template_ssc_intnode.xml</include>

        <!-- Enable Transmit Error Interrupt -->
        <include IDX="$IDX$" INT="TEI" INT_TXT="Transmit Error">template_ssc_enint.xml</include>
        <!-- Transmit Error Interrupt Callback -->
        <include IDX="$IDX$" INT="TEI">template_ssc_intcb.xml</include>

        <!-- Enable Receive Error Interrupt -->
        <include IDX="$IDX$" INT="REI" INT_TXT="Receive Error">template_ssc_enint.xml</include>
        <!-- Receive Error Interrupt Callback -->
        <include IDX="$IDX$" INT="REI">template_ssc_intcb.xml</include>

        <!-- Enable Phase Error Interrupt -->
        <include IDX="$IDX$" INT="PEI" INT_TXT="Phase Error">template_ssc_enint.xml</include>
        <!-- Phase Error Interrupt Callback -->
        <include IDX="$IDX$" INT="PEI">template_ssc_intcb.xml</include>

        <!-- Enable Baudrate Error Interrupt -->
        <include IDX="$IDX$" INT="BEI" INT_TXT="Baudrate Error">template_ssc_enint.xml</include>
        <!-- Baudrate Error Interrupt Callback -->
        <include IDX="$IDX$" INT="BEI">template_ssc_intcb.xml</include>

        <horizontalcontainer>
          <text label="Enable Automatic Reset"/>
          <checkbox define="$IDX$.CON.AREN" default="0" size="300;-1">
            <action event="checked" cmd="setDef" data="$IDX$_UPDATE_MODE.run=1"/>
            <action event="unchecked" cmd="setDef" data="$IDX$_UPDATE_MODE.run=1"/>
          </checkbox>
        </horizontalcontainer>
      </verticalcontainer>
    </header>
  </groupcontainer>
</ifxmlcfg>


