<?xml version="1.0" encoding="UTF-8" ?>
<!--file template_bdrv_currentsConst.xml                                            -->
<!--brief Embedded Power Modules configuration                                      -->
<!--                                                                                -->
<!--Copyright (c) 2021, Infineon Technologies AG                                    -->
<!--All rights reserved.                                                            -->
<!--                                                                                -->
<!--Redistribution and use in source and binary forms, with or without modification,-->
<!--are permitted provided that the following conditions are met:                   -->
<!--                                                                                -->
<!--  Redistributions of source code must retain the above copyright notice, this   -->
<!--  list of conditions and the following disclaimer.                              -->
<!--                                                                                -->
<!--  Redistributions in binary form must reproduce the above copyright notice,     -->
<!--  this list of conditions and the following disclaimer in the documentation     -->
<!--  and/or other materials provided with the distribution.                        -->
<!--                                                                                -->
<!--  Neither the name of the copyright holders nor the names of its contributors   -->
<!--  may be used to endorse or promote products derived from this software without -->
<!--  specific prior written permission.                                            -->
<!--                                                                                -->
<!--THIS SOFTWARE IS PROVIDED BY THE COPYRIGHT HOLDERS AND CONTRIBUTORS "AS IS" AND -->
<!--ANY EXPRESS OR IMPLIED WARRANTIES, INCLUDING, BUT NOT LIMITED TO, THE IMPLIED   -->
<!--WARRANTIES OF MERCHANTABILITY AND FITNESS FOR A PARTICULAR PURPOSE ARE          -->
<!--DISCLAIMED. IN NO EVENT SHALL THE COPYRIGHT HOLDER OR CONTRIBUTORS BE LIABLE    -->
<!--FOR ANY DIRECT, INDIRECT, INCIDENTAL, SPECIAL, EXEMPLARY, OR CONSEQUENTIAL      -->
<!--DAMAGES (INCLUDING, BUT NOT LIMITED TO, PROCUREMENT OF SUBSTITUTE GOODS OR      -->
<!--SERVICES; LOSS OF USE, DATA, OR PROFITS; OR BUSINESS INTERRUPTION) HOWEVER      -->
<!--CAUSED AND ON ANY THEORY OF LIABILITY, WHETHER IN CONTRACT, STRICT LIABILITY,   -->
<!--OR TORT (INCLUDING NEGLIGENCE OR OTHERWISE) ARISING IN ANY WAY OUT OF THE USE   -->
<!--OF THIS SOFTWARE, EVEN IF ADVISED OF THE POSSIBILITY OF SUCH DAMAGE.            -->
<!--                                                                                -->
<!--********************************************************************************-->
<!--        Infineon Embedded Power Family TLE989x Module Configuration File        -->
<!--********************************************************************************-->
<!--                                                                                -->
<!--********************************************************************************-->
<!--                               Author(s) Identity                               -->
<!--********************************************************************************-->
<!--   Initials     Name                                                            -->
<!--   DM           Daniel Mysliwitz                                                -->
<!--   JO           Julia Ott                                                       -->
<!--   BG           Blandine Guillot                                                -->
<!--********************************************************************************-->
<!--                                                                                -->
<!--********************************************************************************-->
<!--                            Revision Control History                            -->
<!--********************************************************************************-->
<!-- V0.0.1: 2020-09-11, BG:   Initial version                                      -->
<!-- V0.1.0: 2020-10-23, BG:   EP-482: Added doctype and checksum                   -->
<!-- V0.1.1: 2020-11-09, BG:   EP-577: Added checkbox to have HB2/HB3 same as HB1   -->
<!-- V0.1.2: 2021-02-08, BG:   EP-690: Updated CW minimal version to 2.6.2          -->
<!-- V0.1.3: 2021-02-17, BG:   EP-697: Updated define names and element size        -->
<!--                           Switched spinboxes between low-side and high-side    -->
<!--********************************************************************************-->

<!-- HB_IDX Half-bridge number -->
<!-- CYCLE Charge or Discharge -->
<!-- ONOFF On or Off -->

<ifxmlcfg version="2.6.2">
  <checksum>96da4436989309f84df14fa4d04faa43f43f00339ca4403384408082026f27ab</checksum>
  <version label="V0.1.3"/>
  <svd file="tle989x.svd"/>
  <usesPython/>
  <horizontalcontainer define="BDRV.HB$HB_IDX$_I$CYCLE$CONST_CONT" size="350;-1">
    <header file="bdrv_defines.h">
      <spinbox label="Current [5mA - 350mA]" define="BDRV.HS$HB_IDX$CONSTIC_HS$HB_IDX$_IC$ONOFF$" default="77" range="5;350" svd="0" size="70;-1" header="temp_defines.h">
        <action event="changed" cmd="setDef" data="BDRV_UPDATE.run=1"/>
      </spinbox>
      <text label="Reg:" size="35;-1"/>
      <math label="Register Value" define="BDRV.HS$HB_IDX$CONSTIC.HS$HB_IDX$_IC$ONOFF$" format="%1X" formula="round(63*((BDRV.HS$HB_IDX$CONSTIC_HS$HB_IDX$_IC$ONOFF$-5)/345)^0.671)"/>
      <spinbox label="Current [5mA - 350mA]" define="BDRV.LS$HB_IDX$CONSTIC_LS$HB_IDX$_IC$ONOFF$" default="77" range="5;350" svd="0" size="70;-1" header="temp_defines.h">
        <action event="changed" cmd="setDef" data="BDRV_UPDATE.run=1"/>
      </spinbox>
      <text label="Reg:" size="35;-1"/>
      <math label="Register Value" define="BDRV.LS$HB_IDX$CONSTIC.LS$HB_IDX$_IC$ONOFF$" format="%1X" formula="round(63*((BDRV.LS$HB_IDX$CONSTIC_LS$HB_IDX$_IC$ONOFF$-5)/345)^0.671)"/>
    </header>
  </horizontalcontainer>
</ifxmlcfg>
