<?xml version="1.0" encoding="UTF-8" ?>
<!--file template_ccu7_cmpval_input.xml                                             -->
<!--brief Embedded Power Modules configuration                                      -->
<!--                                                                                -->
<!--Copyright (c) 2021, Infineon Technologies AG                                    -->
<!--All rights reserved.                                                            -->
<!--                                                                                -->
<!--Redistribution and use in source and binary forms, with or without modification,-->
<!--are permitted provided that the following conditions are met:                   -->
<!--                                                                                -->
<!--  Redistributions of source code must retain the above copyright notice, this   -->
<!--  list of conditions and the following disclaimer.                              -->
<!--                                                                                -->
<!--  Redistributions in binary form must reproduce the above copyright notice,     -->
<!--  this list of conditions and the following disclaimer in the documentation     -->
<!--  and/or other materials provided with the distribution.                        -->
<!--                                                                                -->
<!--  Neither the name of the copyright holders nor the names of its contributors   -->
<!--  may be used to endorse or promote products derived from this software without -->
<!--  specific prior written permission.                                            -->
<!--                                                                                -->
<!--THIS SOFTWARE IS PROVIDED BY THE COPYRIGHT HOLDERS AND CONTRIBUTORS "AS IS" AND -->
<!--ANY EXPRESS OR IMPLIED WARRANTIES, INCLUDING, BUT NOT LIMITED TO, THE IMPLIED   -->
<!--WARRANTIES OF MERCHANTABILITY AND FITNESS FOR A PARTICULAR PURPOSE ARE          -->
<!--DISCLAIMED. IN NO EVENT SHALL THE COPYRIGHT HOLDER OR CONTRIBUTORS BE LIABLE    -->
<!--FOR ANY DIRECT, INDIRECT, INCIDENTAL, SPECIAL, EXEMPLARY, OR CONSEQUENTIAL      -->
<!--DAMAGES (INCLUDING, BUT NOT LIMITED TO, PROCUREMENT OF SUBSTITUTE GOODS OR      -->
<!--SERVICES; LOSS OF USE, DATA, OR PROFITS; OR BUSINESS INTERRUPTION) HOWEVER      -->
<!--CAUSED AND ON ANY THEORY OF LIABILITY, WHETHER IN CONTRACT, STRICT LIABILITY,   -->
<!--OR TORT (INCLUDING NEGLIGENCE OR OTHERWISE) ARISING IN ANY WAY OUT OF THE USE   -->
<!--OF THIS SOFTWARE, EVEN IF ADVISED OF THE POSSIBILITY OF SUCH DAMAGE.            -->
<!--                                                                                -->
<!--********************************************************************************-->
<!--        Infineon Embedded Power Family TLE989x Module Configuration File        -->
<!--********************************************************************************-->
<!--                                                                                -->
<!--********************************************************************************-->
<!--                               Author(s) Identity                               -->
<!--********************************************************************************-->
<!--   Initials     Name                                                            -->
<!--   DM           Daniel Mysliwitz                                                -->
<!--   JO           Julia Ott                                                       -->
<!--   BG           Blandine Guillot                                                -->
<!--********************************************************************************-->
<!--                                                                                -->
<!--********************************************************************************-->
<!--                            Revision Control History                            -->
<!--********************************************************************************-->
<!-- V0.0.1: 2020-09-11, JO:   Initial version                                      -->
<!-- V0.1.0: 2020-09-23, JO:   EP-469: Added xml tag and checksum                   -->
<!-- V0.1.1: 2021-02-08, BG:   EP-690: Updated CW minimal version to 2.6.2          -->
<!--********************************************************************************-->

<!-- Parameter: -->
<!-- TIMER_IDX -->
<!-- TIMER_REGISTER -->
<!-- CMPVAL_IDX: CC70A, C70B, CC71A, C71B, CC72A, C72B, C73, C74, C75, C76 -->
<!-- CMPVAL_REGISTER -->
<!-- COLOR -->
<ifxmlcfg version="2.6.2">
  <checksum>ef130a056a6c9b426af84c020834162decee40a95942e0f4874fb5cbe44f4962</checksum>
  <version label="V0.1.1"/>
  <horizontalcontainer label="$CMPVAL_IDX$ Compare Value">
    <header file="temp_defines.h">
      <svgembed passive="1">
        <svg width="10" height="10">
          <rect width="10" height="10" style="fill:#ffffff;stroke-width:0"/> 
          <circle cx="5" cy="5" r="4" stroke-width="0" fill="$COLOR$"/>             
        </svg>
      </svgembed>
      <spinbox define="CCU7_$CMPVAL_IDX$_CMPVAL" svd="0" default="0" range="0;100000000"  size="95;-1"/>
      <combo define="CCU7_$CMPVAL_IDX$_CMPVAL_UNIT" svd="0" default="2" size="122;-1">
        <item value="0" label="ticks"/>
        <item value="1" label="time [us]"/>
        <item value="2" label="duty cycle [%]"/>
      </combo>
    </header>
  </horizontalcontainer>

</ifxmlcfg>