<?xml version="1.0" encoding="UTF-8" ?>
<!--file template_ssc_baudrate.xml                                                  -->
<!--brief Embedded Power Modules configuration                                      -->
<!--                                                                                -->
<!--Copyright (c) 2021, Infineon Technologies AG                                    -->
<!--All rights reserved.                                                            -->
<!--                                                                                -->
<!--Redistribution and use in source and binary forms, with or without modification,-->
<!--are permitted provided that the following conditions are met:                   -->
<!--                                                                                -->
<!--  Redistributions of source code must retain the above copyright notice, this   -->
<!--  list of conditions and the following disclaimer.                              -->
<!--                                                                                -->
<!--  Redistributions in binary form must reproduce the above copyright notice,     -->
<!--  this list of conditions and the following disclaimer in the documentation     -->
<!--  and/or other materials provided with the distribution.                        -->
<!--                                                                                -->
<!--  Neither the name of the copyright holders nor the names of its contributors   -->
<!--  may be used to endorse or promote products derived from this software without -->
<!--  specific prior written permission.                                            -->
<!--                                                                                -->
<!--THIS SOFTWARE IS PROVIDED BY THE COPYRIGHT HOLDERS AND CONTRIBUTORS "AS IS" AND -->
<!--ANY EXPRESS OR IMPLIED WARRANTIES, INCLUDING, BUT NOT LIMITED TO, THE IMPLIED   -->
<!--WARRANTIES OF MERCHANTABILITY AND FITNESS FOR A PARTICULAR PURPOSE ARE          -->
<!--DISCLAIMED. IN NO EVENT SHALL THE COPYRIGHT HOLDER OR CONTRIBUTORS BE LIABLE    -->
<!--FOR ANY DIRECT, INDIRECT, INCIDENTAL, SPECIAL, EXEMPLARY, OR CONSEQUENTIAL      -->
<!--DAMAGES (INCLUDING, BUT NOT LIMITED TO, PROCUREMENT OF SUBSTITUTE GOODS OR      -->
<!--SERVICES; LOSS OF USE, DATA, OR PROFITS; OR BUSINESS INTERRUPTION) HOWEVER      -->
<!--CAUSED AND ON ANY THEORY OF LIABILITY, WHETHER IN CONTRACT, STRICT LIABILITY,   -->
<!--OR TORT (INCLUDING NEGLIGENCE OR OTHERWISE) ARISING IN ANY WAY OUT OF THE USE   -->
<!--OF THIS SOFTWARE, EVEN IF ADVISED OF THE POSSIBILITY OF SUCH DAMAGE.            -->
<!--                                                                                -->
<!--********************************************************************************-->
<!--        Infineon Embedded Power Family TLE989x Module Configuration File        -->
<!--********************************************************************************-->
<!--                                                                                -->
<!--********************************************************************************-->
<!--                               Author(s) Identity                               -->
<!--********************************************************************************-->
<!--   Initials     Name                                                            -->
<!--   DM           Daniel Mysliwitz                                                -->
<!--   JO           Julia Ott                                                       -->
<!--   BG           Blandine Guillot                                                -->
<!--********************************************************************************-->
<!--                                                                                -->
<!--********************************************************************************-->
<!--                            Revision Control History                            -->
<!--********************************************************************************-->
<!-- V0.0.1: 2020-09-11, BG:   Initial version                                      -->
<!-- V0.1.0: 2020-10-23, BG:   EP-482: Added doctype and checksum                   -->
<!-- V0.1.1: 2020-11-16, BG:   EP-594: Added baudrate of 30MBaud for Master         -->
<!-- V0.1.2: 2021-02-08, BG:   EP-690: Updated CW minimal version to 2.6.2          -->
<!-- V0.1.3: 2021-02-18, BG:   EP-707: Corrected lockon conflict when setting the   -->
<!--                           automatic baudrate due to same naming between slave  -->
<!--                           and master                                           -->
<!--********************************************************************************-->

<!-- Module Definition -->
<!-- IDX: SSC0, SSC1 -->

<ifxmlcfg version="2.6.2">
  <checksum>dc62da1d9d83c06affdeecb69b2a4858234df46323d0b7581c5cedbea2a53bf0</checksum>
  <version label="V0.1.3"/>
  <svd file="tle989x.svd"/>
  <usesPython/>
  <!-- BAUDRATE GENERATION -->
  <groupcontainer label="Baudrate Generation" font="Source Sans Pro,12,0,0,100,0,0,0,0,0" color="206;217;164" size="375;-1">
    <header file="ssc_defines.h">
      <verticalcontainer>
        <edit visible="false" label="$IDX$_BRA_MASTER" define="$IDX$_BRA_MASTER" default="1000000" svd="0" header=""/>
        <edit visible="false" label="$IDX$_BRA_SLAVE" define="$IDX$_BRA_SLAVE" default="1000000" svd="0" header=""/>

        <!-- Baudrate Value -->
        <radio define="$IDX$.BR_CONFIG" svd="0" header="temp_defines.h" default="0" setDef="$IDX$_UPDATE_MODE.run=1">
          <radiobutton label="Automatic Configuration">
            <action event="selected" cmd="setDef" data="$IDX$_UPDATE_MODE.run=1"/>
          </radiobutton>

          <horizontalcontainer define="CONT_$IDX$_BR_AUTO">
            <text label="Baudrate Value"/>
            <combo define="$IDX$.BR_VAL_AUTO_MASTER" default="label=1 MBaud" svd="0" header="temp_defines.h">
              <item label="1 kBaud" value="1000" lockon="$IDX$_BRA_MASTER=1000"/>
              <item label="10 kBaud" value="10000" lockon="$IDX$_BRA_MASTER=10000"/>
              <item label="100 kBaud" value="100000" lockon="$IDX$_BRA_MASTER=100000"/>
              <item label="500 kBaud" value="500000" lockon="$IDX$_BRA_MASTER=500000"/>
              <item label="1 MBaud" value="1000000" lockon="$IDX$_BRA_MASTER=1000000"/>
              <item label="15 MBaud" value="15000000" lockon="$IDX$_BRA_MASTER=15000000"/>
              <item label="30 MBaud" value="30000000" lockon="$IDX$_BRA_MASTER=30000000"/>
            </combo>
            <combo define="$IDX$.BR_VAL_AUTO_SLAVE" default="label=1 MBaud" svd="0" header="temp_defines.h">
              <item label="1 kBaud" value="1000" lockon="$IDX$_BRA_SLAVE=1000"/>
              <item label="10 kBaud" value="10000" lockon="$IDX$_BRA_SLAVE=10000"/>
              <item label="100 kBaud" value="100000" lockon="$IDX$_BRA_SLAVE=100000"/>
              <item label="500 kBaud" value="500000" lockon="$IDX$_BRA_SLAVE=500000"/>
              <item label="1 MBaud" value="1000000" lockon="$IDX$_BRA_SLAVE=1000000"/>
              <item label="15 MBaud" value="15000000" lockon="$IDX$_BRA_SLAVE=15000000"/>
            </combo>
          </horizontalcontainer>

          <radiobutton label="Manual Configuration">
            <action event="selected" cmd="setDef" data="$IDX$_UPDATE_MODE.run=1"/>
          </radiobutton>

          <horizontalcontainer define="CONT_$IDX$_BR_MANUAL">
            <text label="Baudrate Value [kBaud]"/>
            <spinbox define="$IDX$.BR_VAL_MANUAL" default="1000" svd="0" header="temp_defines.h"/>
            <math visible="false" define="$IDX$_BRM" svd="0" header="temp_defines.h" formula="$IDX$.BR_VAL_MANUAL*1000"/>
          </horizontalcontainer>
        </radio>  

        <!-- Reload Value -->
        <horizontalcontainer>
          <text label="Reload Value: "/>
          <math define="$IDX$.BR.BR_VALUE" format="%04X" formula="trunc(fSYS/(2*(($IDX$.BR_CONFIG==1)?($IDX$_BRM:($IDX$.CON.MS==0?($IDX$_BRA_SLAVE:$IDX$_BRA_MASTER)))))-1)"/>
        </horizontalcontainer>

        <!-- Effective Baudrate -->
        <horizontalcontainer>
          <text label="Effective Baudrate:"/>
          <math define="$IDX$_EFFBR" unit=" kBaud" svd="0" header="temp_defines.h" format="%.3f" formula="fSYS/1000/(2*($IDX$.BR.BR_VALUE+1))"/>
        </horizontalcontainer>

      </verticalcontainer>
    </header>
  </groupcontainer>
</ifxmlcfg>

