<?xml version="1.0" encoding="UTF-8"?>
<!--file template_interrupt_overview_adc2.xml                                       -->
<!--brief Embedded Power Modules configuration                                      -->
<!--                                                                                -->
<!--Copyright (c) 2021, Infineon Technologies AG                                    -->
<!--All rights reserved.                                                            -->
<!--                                                                                -->
<!--Redistribution and use in source and binary forms, with or without modification,-->
<!--are permitted provided that the following conditions are met:                   -->
<!--                                                                                -->
<!--  Redistributions of source code must retain the above copyright notice, this   -->
<!--  list of conditions and the following disclaimer.                              -->
<!--                                                                                -->
<!--  Redistributions in binary form must reproduce the above copyright notice,     -->
<!--  this list of conditions and the following disclaimer in the documentation     -->
<!--  and/or other materials provided with the distribution.                        -->
<!--                                                                                -->
<!--  Neither the name of the copyright holders nor the names of its contributors   -->
<!--  may be used to endorse or promote products derived from this software without -->
<!--  specific prior written permission.                                            -->
<!--                                                                                -->
<!--THIS SOFTWARE IS PROVIDED BY THE COPYRIGHT HOLDERS AND CONTRIBUTORS "AS IS" AND -->
<!--ANY EXPRESS OR IMPLIED WARRANTIES, INCLUDING, BUT NOT LIMITED TO, THE IMPLIED   -->
<!--WARRANTIES OF MERCHANTABILITY AND FITNESS FOR A PARTICULAR PURPOSE ARE          -->
<!--DISCLAIMED. IN NO EVENT SHALL THE COPYRIGHT HOLDER OR CONTRIBUTORS BE LIABLE    -->
<!--FOR ANY DIRECT, INDIRECT, INCIDENTAL, SPECIAL, EXEMPLARY, OR CONSEQUENTIAL      -->
<!--DAMAGES (INCLUDING, BUT NOT LIMITED TO, PROCUREMENT OF SUBSTITUTE GOODS OR      -->
<!--SERVICES; LOSS OF USE, DATA, OR PROFITS; OR BUSINESS INTERRUPTION) HOWEVER      -->
<!--CAUSED AND ON ANY THEORY OF LIABILITY, WHETHER IN CONTRACT, STRICT LIABILITY,   -->
<!--OR TORT (INCLUDING NEGLIGENCE OR OTHERWISE) ARISING IN ANY WAY OUT OF THE USE   -->
<!--OF THIS SOFTWARE, EVEN IF ADVISED OF THE POSSIBILITY OF SUCH DAMAGE.            -->
<!--                                                                                -->
<!--********************************************************************************-->
<!--        Infineon Embedded Power Family TLE989x Module Configuration File        -->
<!--********************************************************************************-->
<!--                                                                                -->
<!--********************************************************************************-->
<!--                               Author(s) Identity                               -->
<!--********************************************************************************-->
<!--   Initials     Name                                                            -->
<!--   DM           Daniel Mysliwitz                                                -->
<!--   JO           Julia Ott                                                       -->
<!--   BG           Blandine Guillot                                                -->
<!--********************************************************************************-->
<!--                                                                                -->
<!--********************************************************************************-->
<!--                            Revision Control History                            -->
<!--********************************************************************************-->
<!-- V0.0.1: 2020-09-11, JO:   Initial version                                      -->
<!-- V0.1.0: 2020-10-23, BG:   EP-482: Added doctype and checksum                   -->
<!-- V0.1.1: 2020-10-27, JO:   EP-554: Commented out ADC2 EOC Fail interrupts       -->
<!--                           (not yet implemented in Config Wizard)               -->
<!-- V0.1.2: 2020-11-02, JO:   EP-556: Removed ADC2 EOC Fail interrupts             -->
<!-- V0.1.3: 2020-11-13, JO:   EP-584: Corrected Int. Node number in case of NMI    -->
<!-- V0.1.4: 2021-02-08, BG:   EP-690: Updated CW minimal version to 2.6.2          -->
<!--********************************************************************************-->
<ifxmlcfg version="2.6.2">
  <checksum>c77eee119eeed5faf4f523f6c70a663187215b498ecc7ddef46836099850c715</checksum>
  <version label="V0.1.4"/>
  <svd file="tle989x.svd"/>
  <usesPython/>
  <verticalcontainer size="800;-1" stretch="2">
    <text label="Configured Interrupts of Nodes 10, 11"/>
    <verticalcontainer label="Timer and Math" visible="false">
      <timer visible="true" define="ADC2_FILL_INT_OVERVIEW" interval="1" singleShot="1" run="0">
        <action event="changed" cmd="setDef" data="RO_ADC2.CH0_CALLBACK=ADC2.CH0_CALLBACK"/>
        <action event="changed" cmd="setDef" data="RO_ADC2.CH1_CALLBACK=ADC2.CH1_CALLBACK"/>
        <action event="changed" cmd="setDef" data="RO_ADC2.CH2_CALLBACK=ADC2.CH2_CALLBACK"/>
        <action event="changed" cmd="setDef" data="RO_ADC2.CH3_CALLBACK=ADC2.CH3_CALLBACK"/>
        <action event="changed" cmd="setDef" data="RO_ADC2.CH4_CALLBACK=ADC2.CH4_CALLBACK"/>
        <action event="changed" cmd="setDef" data="RO_ADC2.CH5_CALLBACK=ADC2.CH5_CALLBACK"/>
        <action event="changed" cmd="setDef" data="RO_ADC2.CH6_CALLBACK=ADC2.CH6_CALLBACK"/>
        <action event="changed" cmd="setDef" data="RO_ADC2.CH7_CALLBACK=ADC2.CH7_CALLBACK"/>
        <action event="changed" cmd="setDef" data="RO_ADC2.CH8_CALLBACK=ADC2.CH8_CALLBACK"/>
        <action event="changed" cmd="setDef" data="RO_ADC2.CH9_CALLBACK=ADC2.CH9_CALLBACK"/>
        <action event="changed" cmd="setDef" data="RO_ADC2.CH10_CALLBACK=ADC2.CH10_CALLBACK"/>
        <action event="changed" cmd="setDef" data="RO_ADC2.CH11_CALLBACK=ADC2.CH11_CALLBACK"/>
        <action event="changed" cmd="setDef" data="RO_ADC2.CH12_CALLBACK=ADC2.CH12_CALLBACK"/>
        <action event="changed" cmd="setDef" data="RO_ADC2.CH13_CALLBACK=ADC2.CH13_CALLBACK"/>
        <action event="changed" cmd="setDef" data="RO_ADC2.CH14_CALLBACK=ADC2.CH14_CALLBACK"/>
        <action event="changed" cmd="setDef" data="RO_ADC2.SQ0_CALLBACK=ADC2.SQ0_CALLBACK"/>
        <action event="changed" cmd="setDef" data="RO_ADC2.SQ1_CALLBACK=ADC2.SQ1_CALLBACK"/>
        <action event="changed" cmd="setDef" data="RO_ADC2.SQ2_CALLBACK=ADC2.SQ2_CALLBACK"/>
        <action event="changed" cmd="setDef" data="RO_ADC2.SQ3_CALLBACK=ADC2.SQ3_CALLBACK"/>
        <action event="changed" cmd="setDef" data="RO_ADC2.LOTH0_CALLBACK=ADC2.LOTH0_CALLBACK"/>
        <action event="changed" cmd="setDef" data="RO_ADC2.LOTH1_CALLBACK=ADC2.LOTH1_CALLBACK"/>
        <action event="changed" cmd="setDef" data="RO_ADC2.LOTH2_CALLBACK=ADC2.LOTH2_CALLBACK"/>
        <action event="changed" cmd="setDef" data="RO_ADC2.LOTH3_CALLBACK=ADC2.LOTH3_CALLBACK"/>
        <action event="changed" cmd="setDef" data="RO_ADC2.LOTH4_CALLBACK=ADC2.LOTH4_CALLBACK"/>
        <action event="changed" cmd="setDef" data="RO_ADC2.LOTH5_CALLBACK=ADC2.LOTH5_CALLBACK"/>
        <action event="changed" cmd="setDef" data="RO_ADC2.LOTH6_CALLBACK=ADC2.LOTH6_CALLBACK"/>
        <action event="changed" cmd="setDef" data="RO_ADC2.LOTH7_CALLBACK=ADC2.LOTH7_CALLBACK"/>
        <action event="changed" cmd="setDef" data="RO_ADC2.UPTH0_CALLBACK=ADC2.UPTH0_CALLBACK"/>
        <action event="changed" cmd="setDef" data="RO_ADC2.UPTH1_CALLBACK=ADC2.UPTH1_CALLBACK"/>
        <action event="changed" cmd="setDef" data="RO_ADC2.UPTH2_CALLBACK=ADC2.UPTH2_CALLBACK"/>
        <action event="changed" cmd="setDef" data="RO_ADC2.UPTH3_CALLBACK=ADC2.UPTH3_CALLBACK"/>
        <action event="changed" cmd="setDef" data="RO_ADC2.UPTH4_CALLBACK=ADC2.UPTH4_CALLBACK"/>
        <action event="changed" cmd="setDef" data="RO_ADC2.UPTH5_CALLBACK=ADC2.UPTH5_CALLBACK"/>
        <action event="changed" cmd="setDef" data="RO_ADC2.UPTH6_CALLBACK=ADC2.UPTH6_CALLBACK"/>
        <action event="changed" cmd="setDef" data="RO_ADC2.UPTH7_CALLBACK=ADC2.UPTH7_CALLBACK"/>
      </timer>
      <math formula="ADC2.CH0_INT_EN"><action event="changed" cmd="setDef" data="ADC2.CH0_INT_BOX.visible=ADC2.CH0_INT_EN"/></math>
      <math formula="ADC2.CH1_INT_EN"><action event="changed" cmd="setDef" data="ADC2.CH1_INT_BOX.visible=ADC2.CH1_INT_EN"/></math>
      <math formula="ADC2.CH2_INT_EN"><action event="changed" cmd="setDef" data="ADC2.CH2_INT_BOX.visible=ADC2.CH2_INT_EN"/></math>
      <math formula="ADC2.CH3_INT_EN"><action event="changed" cmd="setDef" data="ADC2.CH3_INT_BOX.visible=ADC2.CH3_INT_EN"/></math>
      <math formula="ADC2.CH4_INT_EN"><action event="changed" cmd="setDef" data="ADC2.CH4_INT_BOX.visible=ADC2.CH4_INT_EN"/></math>
      <math formula="ADC2.CH5_INT_EN"><action event="changed" cmd="setDef" data="ADC2.CH5_INT_BOX.visible=ADC2.CH5_INT_EN"/></math>
      <math formula="ADC2.CH6_INT_EN"><action event="changed" cmd="setDef" data="ADC2.CH6_INT_BOX.visible=ADC2.CH6_INT_EN"/></math>
      <math formula="ADC2.CH7_INT_EN"><action event="changed" cmd="setDef" data="ADC2.CH7_INT_BOX.visible=ADC2.CH7_INT_EN"/></math>
      <math formula="ADC2.CH8_INT_EN"><action event="changed" cmd="setDef" data="ADC2.CH8_INT_BOX.visible=ADC2.CH8_INT_EN"/></math>
      <math formula="ADC2.CH9_INT_EN"><action event="changed" cmd="setDef" data="ADC2.CH9_INT_BOX.visible=ADC2.CH9_INT_EN"/></math>
      <math formula="ADC2.CH10_INT_EN"><action event="changed" cmd="setDef" data="ADC2.CH10_INT_BOX.visible=ADC2.CH10_INT_EN"/></math>
      <math formula="ADC2.CH11_INT_EN"><action event="changed" cmd="setDef" data="ADC2.CH11_INT_BOX.visible=ADC2.CH11_INT_EN"/></math>
      <math formula="ADC2.CH12_INT_EN"><action event="changed" cmd="setDef" data="ADC2.CH12_INT_BOX.visible=ADC2.CH12_INT_EN"/></math>
      <math formula="ADC2.CH13_INT_EN"><action event="changed" cmd="setDef" data="ADC2.CH13_INT_BOX.visible=ADC2.CH13_INT_EN"/></math>
      <math formula="ADC2.CH14_INT_EN"><action event="changed" cmd="setDef" data="ADC2.CH14_INT_BOX.visible=ADC2.CH14_INT_EN"/></math>
      <math formula="ADC2.SQ0_INT_EN"><action event="changed" cmd="setDef" data="ADC2.SQ0_INT_BOX.visible=ADC2.SQ0_INT_EN"/></math>
      <math formula="ADC2.SQ1_INT_EN"><action event="changed" cmd="setDef" data="ADC2.SQ1_INT_BOX.visible=ADC2.SQ1_INT_EN"/></math>
      <math formula="ADC2.SQ2_INT_EN"><action event="changed" cmd="setDef" data="ADC2.SQ2_INT_BOX.visible=ADC2.SQ2_INT_EN"/></math>
      <math formula="ADC2.SQ3_INT_EN"><action event="changed" cmd="setDef" data="ADC2.SQ3_INT_BOX.visible=ADC2.SQ3_INT_EN"/></math>
      <math formula="ADC2.LOTH0_INT_EN"><action event="changed" cmd="setDef" data="ADC2.LOTH0_INT_BOX.visible=ADC2.LOTH0_INT_EN"/></math>
      <math formula="ADC2.LOTH1_INT_EN"><action event="changed" cmd="setDef" data="ADC2.LOTH1_INT_BOX.visible=ADC2.LOTH1_INT_EN"/></math>
      <math formula="ADC2.LOTH2_INT_EN"><action event="changed" cmd="setDef" data="ADC2.LOTH2_INT_BOX.visible=ADC2.LOTH2_INT_EN"/></math>
      <math formula="ADC2.LOTH3_INT_EN"><action event="changed" cmd="setDef" data="ADC2.LOTH3_INT_BOX.visible=ADC2.LOTH3_INT_EN"/></math>
      <math formula="ADC2.LOTH4_INT_EN"><action event="changed" cmd="setDef" data="ADC2.LOTH4_INT_BOX.visible=ADC2.LOTH4_INT_EN"/></math>
      <math formula="ADC2.LOTH5_INT_EN"><action event="changed" cmd="setDef" data="ADC2.LOTH5_INT_BOX.visible=ADC2.LOTH5_INT_EN"/></math>
      <math formula="ADC2.LOTH6_INT_EN"><action event="changed" cmd="setDef" data="ADC2.LOTH6_INT_BOX.visible=ADC2.LOTH6_INT_EN"/></math>
      <math formula="ADC2.LOTH7_INT_EN"><action event="changed" cmd="setDef" data="ADC2.LOTH7_INT_BOX.visible=ADC2.LOTH7_INT_EN"/></math>
      <math formula="ADC2.UPTH0_INT_EN"><action event="changed" cmd="setDef" data="ADC2.UPTH0_INT_BOX.visible=ADC2.UPTH0_INT_EN"/></math>
      <math formula="ADC2.UPTH1_INT_EN"><action event="changed" cmd="setDef" data="ADC2.UPTH1_INT_BOX.visible=ADC2.UPTH1_INT_EN"/></math>
      <math formula="ADC2.UPTH2_INT_EN"><action event="changed" cmd="setDef" data="ADC2.UPTH2_INT_BOX.visible=ADC2.UPTH2_INT_EN"/></math>
      <math formula="ADC2.UPTH3_INT_EN"><action event="changed" cmd="setDef" data="ADC2.UPTH3_INT_BOX.visible=ADC2.UPTH3_INT_EN"/></math>
      <math formula="ADC2.UPTH4_INT_EN"><action event="changed" cmd="setDef" data="ADC2.UPTH4_INT_BOX.visible=ADC2.UPTH4_INT_EN"/></math>
      <math formula="ADC2.UPTH5_INT_EN"><action event="changed" cmd="setDef" data="ADC2.UPTH5_INT_BOX.visible=ADC2.UPTH5_INT_EN"/></math>
      <math formula="ADC2.UPTH6_INT_EN"><action event="changed" cmd="setDef" data="ADC2.UPTH6_INT_BOX.visible=ADC2.UPTH6_INT_EN"/></math>
      <math formula="ADC2.UPTH7_INT_EN"><action event="changed" cmd="setDef" data="ADC2.UPTH7_INT_BOX.visible=ADC2.UPTH7_INT_EN"/></math>
    </verticalcontainer>
    <!-- Timer and Math -->
    <text label="Note: Int. Node -14 is NMI"/>
    <verticalcontainer label="Interrupt Overview ">
      <horizontalcontainer>
        <text size="200;-1" label="Interrupt"/>
        <text size="75;-1" label="Int. Node"/>
        <text size="75;-1" label="Enable"/>
        <text size="400;-1" label="Callback function"/>
      </horizontalcontainer>
      <horizontalcontainer define="ADC2.CH0_INT_BOX" visible="false">
        <text size="200;-1" label="Ch0"/>
        <math size="75;-1" formula="ADC2.INP0.INP_CH0+10"/>
        <math size="75;-1" formula="ADC2.IEN0.IEN_CH0"/>
        <edit size="400;-1" define="RO_ADC2.CH0_CALLBACK" svd="0" readonly="1" default=""/>
      </horizontalcontainer>
      <horizontalcontainer define="ADC2.CH1_INT_BOX" visible="false">
        <text size="200;-1" label="Ch1"/>
        <math size="75;-1" formula="ADC2.INP0.INP_CH1+10"/>
        <math size="75;-1" formula="ADC2.IEN0.IEN_CH1"/>
        <edit size="400;-1" define="RO_ADC2.CH1_CALLBACK" svd="0" readonly="1" default=""/>
      </horizontalcontainer>
      <horizontalcontainer define="ADC2.CH2_INT_BOX" visible="false">
        <text size="200;-1" label="Ch2"/>
        <math size="75;-1" formula="ADC2.INP0.INP_CH2+10"/>
        <math size="75;-1" formula="ADC2.IEN0.IEN_CH2"/>
        <edit size="400;-1" define="RO_ADC2.CH2_CALLBACK" svd="0" readonly="1" default=""/>
      </horizontalcontainer>
      <horizontalcontainer define="ADC2.CH3_INT_BOX" visible="false">
        <text size="200;-1" label="Ch3"/>
        <math size="75;-1" formula="ADC2.INP0.INP_CH3+10"/>
        <math size="75;-1" formula="ADC2.IEN0.IEN_CH3"/>
        <edit size="400;-1" define="RO_ADC2.CH3_CALLBACK" svd="0" readonly="1" default=""/>
      </horizontalcontainer>
      <horizontalcontainer define="ADC2.CH4_INT_BOX" visible="false">
        <text size="200;-1" label="Ch4"/>
        <math size="75;-1" formula="ADC2.INP0.INP_CH4+10"/>
        <math size="75;-1" formula="ADC2.IEN0.IEN_CH4"/>
        <edit size="400;-1" define="RO_ADC2.CH4_CALLBACK" svd="0" readonly="1" default=""/>
      </horizontalcontainer>
      <horizontalcontainer define="ADC2.CH5_INT_BOX" visible="false">
        <text size="200;-1" label="Ch5"/>
        <math size="75;-1" formula="ADC2.INP0.INP_CH5+10"/>
        <math size="75;-1" formula="ADC2.IEN0.IEN_CH5"/>
        <edit size="400;-1" define="RO_ADC2.CH5_CALLBACK" svd="0" readonly="1" default=""/>
      </horizontalcontainer>
      <horizontalcontainer define="ADC2.CH6_INT_BOX" visible="false">
        <text size="200;-1" label="Ch6"/>
        <math size="75;-1" formula="ADC2.INP0.INP_CH6+10"/>
        <math size="75;-1" formula="ADC2.IEN0.IEN_CH6"/>
        <edit size="400;-1" define="RO_ADC2.CH6_CALLBACK" svd="0" readonly="1" default=""/>
      </horizontalcontainer>
      <horizontalcontainer define="ADC2.CH7_INT_BOX" visible="false">
        <text size="200;-1" label="Ch7"/>
        <math size="75;-1" formula="ADC2.INP0.INP_CH7+10"/>
        <math size="75;-1" formula="ADC2.IEN0.IEN_CH7"/>
        <edit size="400;-1" define="RO_ADC2.CH7_CALLBACK" svd="0" readonly="1" default=""/>
      </horizontalcontainer>
      <horizontalcontainer define="ADC2.CH8_INT_BOX" visible="false">
        <text size="200;-1" label="Ch8"/>
        <math size="75;-1" formula="ADC2.INP0.INP_CH8+10"/>
        <math size="75;-1" formula="ADC2.IEN0.IEN_CH8"/>
        <edit size="400;-1" define="RO_ADC2.CH8_CALLBACK" svd="0" readonly="1" default=""/>
      </horizontalcontainer>
      <horizontalcontainer define="ADC2.CH9_INT_BOX" visible="false">
        <text size="200;-1" label="Ch9"/>
        <math size="75;-1" formula="ADC2.INP0.INP_CH9+10"/>
        <math size="75;-1" formula="ADC2.IEN0.IEN_CH9"/>
        <edit size="400;-1" define="RO_ADC2.CH9_CALLBACK" svd="0" readonly="1" default=""/>
      </horizontalcontainer>
      <horizontalcontainer define="ADC2.CH10_INT_BOX" visible="false">
        <text size="200;-1" label="Ch10"/>
        <math size="75;-1" formula="ADC2.INP0.INP_CH10+10"/>
        <math size="75;-1" formula="ADC2.IEN0.IEN_CH10"/>
        <edit size="400;-1" define="RO_ADC2.CH10_CALLBACK" svd="0" readonly="1" default=""/>
      </horizontalcontainer>
      <horizontalcontainer define="ADC2.CH11_INT_BOX" visible="false">
        <text size="200;-1" label="Ch11"/>
        <math size="75;-1" formula="ADC2.INP0.INP_CH11+10"/>
        <math size="75;-1" formula="ADC2.IEN0.IEN_CH11"/>
        <edit size="400;-1" define="RO_ADC2.CH11_CALLBACK" svd="0" readonly="1" default=""/>
      </horizontalcontainer>
      <horizontalcontainer define="ADC2.CH12_INT_BOX" visible="false">
        <text size="200;-1" label="Ch12"/>
        <math size="75;-1" formula="ADC2.INP0.INP_CH12+10"/>
        <math size="75;-1" formula="ADC2.IEN0.IEN_CH12"/>
        <edit size="400;-1" define="RO_ADC2.CH12_CALLBACK" svd="0" readonly="1" default=""/>
      </horizontalcontainer>
      <horizontalcontainer define="ADC2.CH13_INT_BOX" visible="false">
        <text size="200;-1" label="Ch13"/>
        <math size="75;-1" formula="ADC2.INP0.INP_CH13+10"/>
        <math size="75;-1" formula="ADC2.IEN0.IEN_CH13"/>
        <edit size="400;-1" define="RO_ADC2.CH13_CALLBACK" svd="0" readonly="1" default=""/>
      </horizontalcontainer>
      <horizontalcontainer define="ADC2.CH14_INT_BOX" visible="false">
        <text size="200;-1" label="Ch14"/>
        <math size="75;-1" formula="ADC2.INP0.INP_CH14+10"/>
        <math size="75;-1" formula="ADC2.IEN0.IEN_CH14"/>
        <edit size="400;-1" define="RO_ADC2.CH14_CALLBACK" svd="0" readonly="1" default=""/>
      </horizontalcontainer>
      <horizontalcontainer define="ADC2.SQ0_INT_BOX" visible="false">
        <text size="200;-1" label="Sq0"/>
        <math size="75;-1" formula="ADC2.INP3.INP_COLL0+10"/>
        <math size="75;-1" formula="ADC2.IEN1.IEN_SQ0"/>
        <edit size="400;-1" define="RO_ADC2.SQ0_CALLBACK" svd="0" readonly="1" default=""/>
      </horizontalcontainer>
      <horizontalcontainer define="ADC2.SQ1_INT_BOX" visible="false">
        <text size="200;-1" label="Sq1"/>
        <math size="75;-1" formula="ADC2.INP3.INP_COLL1+10"/>
        <math size="75;-1" formula="ADC2.IEN1.IEN_SQ1"/>
        <edit size="400;-1" define="RO_ADC2.SQ1_CALLBACK" svd="0" readonly="1" default=""/>
      </horizontalcontainer>
      <horizontalcontainer define="ADC2.SQ2_INT_BOX" visible="false">
        <text size="200;-1" label="Sq2"/>
        <math size="75;-1" formula="ADC2.INP3.INP_COLL2+10"/>
        <math size="75;-1" formula="ADC2.IEN1.IEN_SQ2"/>
        <edit size="400;-1" define="RO_ADC2.SQ2_CALLBACK" svd="0" readonly="1" default=""/>
      </horizontalcontainer>
      <horizontalcontainer define="ADC2.SQ3_INT_BOX" visible="false">
        <text size="200;-1" label="Sq3"/>
        <math size="75;-1" formula="ADC2.INP3.INP_COLL3+10"/>
        <math size="75;-1" formula="ADC2.IEN1.IEN_SQ3"/>
        <edit size="400;-1" define="RO_ADC2.SQ3_CALLBACK" svd="0" readonly="1" default=""/>
      </horizontalcontainer>
      <horizontalcontainer define="ADC2.LOTH0_INT_BOX" visible="false">
        <text size="200;-1" label="LOTH0"/>
        <math size="75;-1" formula="ADC2.INP2.INP_CMP_LO0==3?(-14):(ADC2.INP2.INP_CMP_LO0+10)"/>
        <math size="75;-1" formula="ADC2.IEN1.IEN_LO0"/>
        <edit size="400;-1" define="RO_ADC2.LOTH0_CALLBACK" svd="0" readonly="1" default=""/>
      </horizontalcontainer>
      <horizontalcontainer define="ADC2.LOTH1_INT_BOX" visible="false">
        <text size="200;-1" label="LOTH1"/>
        <math size="75;-1" formula="ADC2.INP2.INP_CMP_LO1==3?(-14):(ADC2.INP2.INP_CMP_LO1+10)"/>
        <math size="75;-1" formula="ADC2.IEN1.IEN_LO1"/>
        <edit size="400;-1" define="RO_ADC2.LOTH1_CALLBACK" svd="0" readonly="1" default=""/>
      </horizontalcontainer>
      <horizontalcontainer define="ADC2.LOTH2_INT_BOX" visible="false">
        <text size="200;-1" label="LOTH2"/>
        <math size="75;-1" formula="ADC2.INP2.INP_CMP_LO2==3?(-14):(ADC2.INP2.INP_CMP_LO2+10)"/>
        <math size="75;-1" formula="ADC2.IEN1.IEN_LO2"/>
        <edit size="400;-1" define="RO_ADC2.LOTH2_CALLBACK" svd="0" readonly="1" default=""/>
      </horizontalcontainer>
      <horizontalcontainer define="ADC2.LOTH3_INT_BOX" visible="false">
        <text size="200;-1" label="LOTH3"/>
        <math size="75;-1" formula="ADC2.INP2.INP_CMP_LO3==3?(-14):(ADC2.INP2.INP_CMP_LO3+10)"/>
        <math size="75;-1" formula="ADC2.IEN1.IEN_LO3"/>
        <edit size="400;-1" define="RO_ADC2.LOTH3_CALLBACK" svd="0" readonly="1" default=""/>
      </horizontalcontainer>
      <horizontalcontainer define="ADC2.LOTH4_INT_BOX" visible="false">
        <text size="200;-1" label="LOTH4"/>
        <math size="75;-1" formula="ADC2.INP2.INP_CMP_LO4+10"/>
        <math size="75;-1" formula="ADC2.IEN1.IEN_LO4"/>
        <edit size="400;-1" define="RO_ADC2.LOTH4_CALLBACK" svd="0" readonly="1" default=""/>
      </horizontalcontainer>
      <horizontalcontainer define="ADC2.LOTH5_INT_BOX" visible="false">
        <text size="200;-1" label="LOTH5"/>
        <math size="75;-1" formula="ADC2.INP2.INP_CMP_LO5+10"/>
        <math size="75;-1" formula="ADC2.IEN1.IEN_LO5"/>
        <edit size="400;-1" define="RO_ADC2.LOTH5_CALLBACK" svd="0" readonly="1" default=""/>
      </horizontalcontainer>
      <horizontalcontainer define="ADC2.LOTH6_INT_BOX" visible="false">
        <text size="200;-1" label="LOTH6"/>
        <math size="75;-1" formula="ADC2.INP2.INP_CMP_LO6+10"/>
        <math size="75;-1" formula="ADC2.IEN1.IEN_LO6"/>
        <edit size="400;-1" define="RO_ADC2.LOTH6_CALLBACK" svd="0" readonly="1" default=""/>
      </horizontalcontainer>
      <horizontalcontainer define="ADC2.LOTH7_INT_BOX" visible="false">
        <text size="200;-1" label="LOTH7"/>
        <math size="75;-1" formula="ADC2.INP2.INP_CMP_LO7+10"/>
        <math size="75;-1" formula="ADC2.IEN1.IEN_LO7"/>
        <edit size="400;-1" define="RO_ADC2.LOTH7_CALLBACK" svd="0" readonly="1" default=""/>
      </horizontalcontainer>
      <horizontalcontainer define="ADC2.UPTH0_INT_BOX" visible="false">
        <text size="200;-1" label="UPTH0"/>
        <math size="75;-1" formula="ADC2.INP2.INP_CMP_UP0==3?(-14):(ADC2.INP2.INP_CMP_UP0+10)"/>
        <math size="75;-1" formula="ADC2.IEN1.IEN_UP0"/>
        <edit size="400;-1" define="RO_ADC2.UPTH0_CALLBACK" svd="0" readonly="1" default=""/>
      </horizontalcontainer>
      <horizontalcontainer define="ADC2.UPTH1_INT_BOX" visible="false">
        <text size="200;-1" label="UPTH1"/>
        <math size="75;-1" formula="ADC2.INP2.INP_CMP_UP1+10"/>
        <math size="75;-1" formula="ADC2.IEN1.IEN_UP1"/>
        <edit size="400;-1" define="RO_ADC2.UPTH1_CALLBACK" svd="0" readonly="1" default=""/>
      </horizontalcontainer>
      <horizontalcontainer define="ADC2.UPTH2_INT_BOX" visible="false">
        <text size="200;-1" label="UPTH2"/>
        <math size="75;-1" formula="ADC2.INP2.INP_CMP_UP2==3?(-14):(ADC2.INP2.INP_CMP_UP2+10)"/>
        <math size="75;-1" formula="ADC2.IEN1.IEN_UP2"/>
        <edit size="400;-1" define="RO_ADC2.UPTH2_CALLBACK" svd="0" readonly="1" default=""/>
      </horizontalcontainer>
      <horizontalcontainer define="ADC2.UPTH3_INT_BOX" visible="false">
        <text size="200;-1" label="UPTH3"/>
        <math size="75;-1" formula="ADC2.INP2.INP_CMP_UP3+10"/>
        <math size="75;-1" formula="ADC2.IEN1.IEN_UP3"/>
        <edit size="400;-1" define="RO_ADC2.UPTH3_CALLBACK" svd="0" readonly="1" default=""/>
      </horizontalcontainer>
      <horizontalcontainer define="ADC2.UPTH4_INT_BOX" visible="false">
        <text size="200;-1" label="UPTH4"/>
        <math size="75;-1" formula="ADC2.INP2.INP_CMP_UP4==3?(-14):(ADC2.INP2.INP_CMP_UP4+10)"/>
        <math size="75;-1" formula="ADC2.IEN1.IEN_UP4"/>
        <edit size="400;-1" define="RO_ADC2.UPTH4_CALLBACK" svd="0" readonly="1" default=""/>
      </horizontalcontainer>
      <horizontalcontainer define="ADC2.UPTH5_INT_BOX" visible="false">
        <text size="200;-1" label="UPTH5"/>
        <math size="75;-1" formula="ADC2.INP2.INP_CMP_UP5+10"/>
        <math size="75;-1" formula="ADC2.IEN1.IEN_UP5"/>
        <edit size="400;-1" define="RO_ADC2.UPTH5_CALLBACK" svd="0" readonly="1" default=""/>
      </horizontalcontainer>
      <horizontalcontainer define="ADC2.UPTH6_INT_BOX" visible="false">
        <text size="200;-1" label="UPTH6"/>
        <math size="75;-1" formula="ADC2.INP2.INP_CMP_UP6+10"/>
        <math size="75;-1" formula="ADC2.IEN1.IEN_UP6"/>
        <edit size="400;-1" define="RO_ADC2.UPTH6_CALLBACK" svd="0" readonly="1" default=""/>
      </horizontalcontainer>
      <horizontalcontainer define="ADC2.UPTH7_INT_BOX" visible="false">
        <text size="200;-1" label="UPTH7"/>
        <math size="75;-1" formula="ADC2.INP2.INP_CMP_UP7+10"/>
        <math size="75;-1" formula="ADC2.IEN1.IEN_UP7"/>
        <edit size="400;-1" define="RO_ADC2.UPTH7_CALLBACK" svd="0" readonly="1" default=""/>
      </horizontalcontainer>
    </verticalcontainer> <!-- Interrupt Overview -->
  </verticalcontainer>
</ifxmlcfg>

