<?xml version="1.0" encoding="UTF-8" ?>
<!--file template_ccu7_sum_t1x.xml                                                  -->
<!--brief Embedded Power Modules configuration                                      -->
<!--                                                                                -->
<!--Copyright (c) 2021, Infineon Technologies AG                                    -->
<!--All rights reserved.                                                            -->
<!--                                                                                -->
<!--Redistribution and use in source and binary forms, with or without modification,-->
<!--are permitted provided that the following conditions are met:                   -->
<!--                                                                                -->
<!--  Redistributions of source code must retain the above copyright notice, this   -->
<!--  list of conditions and the following disclaimer.                              -->
<!--                                                                                -->
<!--  Redistributions in binary form must reproduce the above copyright notice,     -->
<!--  this list of conditions and the following disclaimer in the documentation     -->
<!--  and/or other materials provided with the distribution.                        -->
<!--                                                                                -->
<!--  Neither the name of the copyright holders nor the names of its contributors   -->
<!--  may be used to endorse or promote products derived from this software without -->
<!--  specific prior written permission.                                            -->
<!--                                                                                -->
<!--THIS SOFTWARE IS PROVIDED BY THE COPYRIGHT HOLDERS AND CONTRIBUTORS "AS IS" AND -->
<!--ANY EXPRESS OR IMPLIED WARRANTIES, INCLUDING, BUT NOT LIMITED TO, THE IMPLIED   -->
<!--WARRANTIES OF MERCHANTABILITY AND FITNESS FOR A PARTICULAR PURPOSE ARE          -->
<!--DISCLAIMED. IN NO EVENT SHALL THE COPYRIGHT HOLDER OR CONTRIBUTORS BE LIABLE    -->
<!--FOR ANY DIRECT, INDIRECT, INCIDENTAL, SPECIAL, EXEMPLARY, OR CONSEQUENTIAL      -->
<!--DAMAGES (INCLUDING, BUT NOT LIMITED TO, PROCUREMENT OF SUBSTITUTE GOODS OR      -->
<!--SERVICES; LOSS OF USE, DATA, OR PROFITS; OR BUSINESS INTERRUPTION) HOWEVER      -->
<!--CAUSED AND ON ANY THEORY OF LIABILITY, WHETHER IN CONTRACT, STRICT LIABILITY,   -->
<!--OR TORT (INCLUDING NEGLIGENCE OR OTHERWISE) ARISING IN ANY WAY OUT OF THE USE   -->
<!--OF THIS SOFTWARE, EVEN IF ADVISED OF THE POSSIBILITY OF SUCH DAMAGE.            -->
<!--                                                                                -->
<!--********************************************************************************-->
<!--        Infineon Embedded Power Family TLE989x Module Configuration File        -->
<!--********************************************************************************-->
<!--                                                                                -->
<!--********************************************************************************-->
<!--                               Author(s) Identity                               -->
<!--********************************************************************************-->
<!--   Initials     Name                                                            -->
<!--   DM           Daniel Mysliwitz                                                -->
<!--   JO           Julia Ott                                                       -->
<!--   BG           Blandine Guillot                                                -->
<!--********************************************************************************-->
<!--                                                                                -->
<!--********************************************************************************-->
<!--                            Revision Control History                            -->
<!--********************************************************************************-->
<!-- V0.0.1: 2020-09-11, JO:   Initial version                                      -->
<!-- V0.1.0: 2020-09-23, JO:   EP-469: Added xml tag and checksum                   -->
<!-- V0.1.1: 2021-02-08, BG:   EP-690: Updated CW minimal version to 2.6.2          -->
<!--********************************************************************************-->

<!-- Parameter: -->
<!-- TIMER_IDX -->
<!-- TIMER_REGISTER -->
<!-- TIMER_MODE: 0=EA, 1=CA -->

<ifxmlcfg version="2.6.2">
  <checksum>df476c76a756ea6710130be844171c574265b9f1e30e9c1ee61de2437c1b7711</checksum>
  <version label="V0.1.1"/>

  <groupcontainer label="$TIMER_IDX$" visible="false">
    <header file="">
      <treecontainer headerlabels="Item;Value;" columnwidths="250;250;1">
        <var define="CCU7_$TIMER_IDX$_PERIOD_FULL"/>
        <var define="CCU7_$TIMER_IDX$_PERIOD"/>

        <spinbox define="CCU7_GRAPH_$TIMER_IDX$_OFFSET_x" svd="0"/>
        <spinbox define="CCU7_GRAPH_$TIMER_IDX$_OFFSET_y" svd="0"/>
        <edit    define="CCU7_GRAPH_$TIMER_IDX$_TRIGSEL_TEXT" svd="0"/>
        <spinbox define="CCU7_GRAPH_$TIMER_IDX$_TRIGSEL_TEXT_x" svd="0"/>
        <spinbox define="CCU7_GRAPH_$TIMER_IDX$_TRIGSEL_TEXT_y" svd="0"/>
        <edit    define="CCU7_GRAPH_$TIMER_IDX$_T12_CNTDIR_TEXT" svd="0"/>
        <spinbox define="CCU7_GRAPH_$TIMER_IDX$_T12_CNTDIR_TEXT_x" svd="0"/>
        <spinbox define="CCU7_GRAPH_$TIMER_IDX$_T12_CNTDIR_TEXT_y" svd="0"/>

        <spinbox define="CCU7_GRAPH_$TIMER_IDX$_UP_BEG_x" svd="0"/>
        <spinbox define="CCU7_GRAPH_$TIMER_IDX$_UP_BEG_y" svd="0"/>
        <spinbox define="CCU7_GRAPH_$TIMER_IDX$_UP_END_x" svd="0"/>
        <spinbox define="CCU7_GRAPH_$TIMER_IDX$_UP_END_y" svd="0"/>

        <spinbox define="CCU7_GRAPH_$TIMER_IDX$_DOWN_BEG_x" svd="0"/>
        <spinbox define="CCU7_GRAPH_$TIMER_IDX$_DOWN_BEG_y" svd="0"/>
        <spinbox define="CCU7_GRAPH_$TIMER_IDX$_DOWN_END_x" svd="0"/>
        <spinbox define="CCU7_GRAPH_$TIMER_IDX$_DOWN_END_y" svd="0"/>

        <spinbox define="CCU7_GRAPH_$TIMER_IDX$_DUMMY_BEG_x" svd="0"/>
        <spinbox define="CCU7_GRAPH_$TIMER_IDX$_DUMMY_BEG_y" svd="0"/>
        <spinbox define="CCU7_GRAPH_$TIMER_IDX$_DUMMY_END_x" svd="0"/>
        <spinbox define="CCU7_GRAPH_$TIMER_IDX$_DUMMY_END_y" svd="0"/>

        <spinbox define="CCU7_GRAPH_$TIMER_IDX$_NEWPER_BEG_x" svd="0"/>
        <spinbox define="CCU7_GRAPH_$TIMER_IDX$_NEWPER_BEG_y" svd="0"/>
        <spinbox define="CCU7_GRAPH_$TIMER_IDX$_NEWPER_END_x" svd="0"/>
        <spinbox define="CCU7_GRAPH_$TIMER_IDX$_NEWPER_END_y" svd="0"/>

        <spinbox define="CCU7_GRAPH_$TIMER_IDX$_DOT1_x" svd="0"/>
        <spinbox define="CCU7_GRAPH_$TIMER_IDX$_DOT2_x" svd="0"/>
        <spinbox define="CCU7_GRAPH_$TIMER_IDX$_DOT3_x" svd="0"/>
        <spinbox define="CCU7_GRAPH_$TIMER_IDX$_DOTs_y" svd="0"/>

        <spinbox define="CCU7_GRAPH_$TIMER_IDX$_ARROW_BEG_x" svd="0"/>
        <spinbox define="CCU7_GRAPH_$TIMER_IDX$_ARROW_BEG_y" svd="0"/>
        <spinbox define="CCU7_GRAPH_$TIMER_IDX$_ARROW_END_x" svd="0"/>
        <spinbox define="CCU7_GRAPH_$TIMER_IDX$_ARROW_END_y" svd="0"/>
        <spinbox define="CCU7_GRAPH_$TIMER_IDX$_ARROW_LABEL_y" svd="0"/>

      </treecontainer>
    </header>
  </groupcontainer>

</ifxmlcfg>