<?xml version="1.0" encoding="UTF-8" ?>
<!--file template_ssc_timer.xml                                                     -->
<!--brief Embedded Power Modules configuration                                      -->
<!--                                                                                -->
<!--Copyright (c) 2021, Infineon Technologies AG                                    -->
<!--All rights reserved.                                                            -->
<!--                                                                                -->
<!--Redistribution and use in source and binary forms, with or without modification,-->
<!--are permitted provided that the following conditions are met:                   -->
<!--                                                                                -->
<!--  Redistributions of source code must retain the above copyright notice, this   -->
<!--  list of conditions and the following disclaimer.                              -->
<!--                                                                                -->
<!--  Redistributions in binary form must reproduce the above copyright notice,     -->
<!--  this list of conditions and the following disclaimer in the documentation     -->
<!--  and/or other materials provided with the distribution.                        -->
<!--                                                                                -->
<!--  Neither the name of the copyright holders nor the names of its contributors   -->
<!--  may be used to endorse or promote products derived from this software without -->
<!--  specific prior written permission.                                            -->
<!--                                                                                -->
<!--THIS SOFTWARE IS PROVIDED BY THE COPYRIGHT HOLDERS AND CONTRIBUTORS "AS IS" AND -->
<!--ANY EXPRESS OR IMPLIED WARRANTIES, INCLUDING, BUT NOT LIMITED TO, THE IMPLIED   -->
<!--WARRANTIES OF MERCHANTABILITY AND FITNESS FOR A PARTICULAR PURPOSE ARE          -->
<!--DISCLAIMED. IN NO EVENT SHALL THE COPYRIGHT HOLDER OR CONTRIBUTORS BE LIABLE    -->
<!--FOR ANY DIRECT, INDIRECT, INCIDENTAL, SPECIAL, EXEMPLARY, OR CONSEQUENTIAL      -->
<!--DAMAGES (INCLUDING, BUT NOT LIMITED TO, PROCUREMENT OF SUBSTITUTE GOODS OR      -->
<!--SERVICES; LOSS OF USE, DATA, OR PROFITS; OR BUSINESS INTERRUPTION) HOWEVER      -->
<!--CAUSED AND ON ANY THEORY OF LIABILITY, WHETHER IN CONTRACT, STRICT LIABILITY,   -->
<!--OR TORT (INCLUDING NEGLIGENCE OR OTHERWISE) ARISING IN ANY WAY OUT OF THE USE   -->
<!--OF THIS SOFTWARE, EVEN IF ADVISED OF THE POSSIBILITY OF SUCH DAMAGE.            -->
<!--                                                                                -->
<!--********************************************************************************-->
<!--        Infineon Embedded Power Family TLE989x Module Configuration File        -->
<!--********************************************************************************-->
<!--                                                                                -->
<!--********************************************************************************-->
<!--                               Author(s) Identity                               -->
<!--********************************************************************************-->
<!--   Initials     Name                                                            -->
<!--   DM           Daniel Mysliwitz                                                -->
<!--   JO           Julia Ott                                                       -->
<!--   BG           Blandine Guillot                                                -->
<!--********************************************************************************-->
<!--                                                                                -->
<!--********************************************************************************-->
<!--                            Revision Control History                            -->
<!--********************************************************************************-->
<!-- V0.0.1: 2020-09-11, BG:   Initial version                                      -->
<!-- V0.1.0: 2020-10-23, BG:   EP-482: Added doctype and checksum                   -->
<!-- V0.1.1: 2020-11-16, BG:   EP-594: Added baudrate of 30MBaud for Master         -->
<!-- V0.1.2: 2021-02-08, BG:   EP-690: Updated CW minimal version to 2.6.2          -->
<!-- V0.1.3: 2021-04-06, BG:   EP-758: Renamed interrupt defines                    -->
<!--********************************************************************************-->

<!-- IDX: SSC0, SSC1 -->

<ifxmlcfg version="2.6.2">
  <checksum>5aca9afc792e8e726ba27f242a6c25ea8f0abcf53e750b60f2bd8b33d9d1fd42</checksum>
  <version label="V0.1.3"/>
  <svd file="tle989x.svd"/>
  <usesPython/>
  <verticalcontainer label="Timers" visible="false">
    <verticalcontainer visible="false">

      <edit visible="false" label="VIS_$IDX$_1" define="VIS_$IDX$_1" svd="0" header=""/>
      <edit visible="false" label="VIS_$IDX$_2" define="VIS_$IDX$_2" svd="0" header=""/>
      <edit visible="false" label="VIS_$IDX$_3" define="VIS_$IDX$_3" svd="0" header=""/>
      <edit visible="false" label="VIS_$IDX$_4" define="VIS_$IDX$_4" svd="0" header=""/>
      <edit visible="false" label="VIS_$IDX$_5" define="VIS_$IDX$_5" svd="0" header=""/>
      <edit visible="false" label="VIS_$IDX$_6" define="VIS_$IDX$_6" svd="0" header=""/>
      <edit visible="false" label="VIS_$IDX$_7" define="VIS_$IDX$_7" svd="0" header=""/>
      <edit visible="false" label="VIS_$IDX$_8" define="VIS_$IDX$_8" svd="0" header=""/>    
    </verticalcontainer>


    <timer visible="false" define="$IDX$_UPDATE_MODE" svd="0" interval="1" singleShot="1" run="0" header="">
      <!-- $IDX$ elements visibility -->
      <action cond="$IDX$.CON.MS==0" event="changed" cmd="setDef" data="CONT_$IDX$_TXCTRL.visible=0;$IDX$.BR_VAL_AUTO_MASTER.visible=0;$IDX$.BR_VAL_AUTO_SLAVE.visible=1"/>
      <action cond="$IDX$.CON.MS==1" event="changed" cmd="setDef" data="CONT_$IDX$_TXCTRL.visible=1;$IDX$.BR_VAL_AUTO_MASTER.visible=1;$IDX$.BR_VAL_AUTO_SLAVE.visible=0"/>
      <!-- Visibility of the containers defined in $IDX$modeTemplate.xml -->
      <action cond="($IDX$.CON.MS==0).*($IDX$_SLAVE.CON_CSEN==0)" event="changed" cmd="setDef" data="CONT_$IDX$_SLAVE_CS.enabled=0;CONT_$IDX$_CSLOWSTART.enabled=0;CONT_$IDX$_CSLOWEND.enabled=0;CONT_$IDX$_MINCSHIGH.enabled=0"/>
      <action cond="($IDX$.CON.MS==0).*($IDX$_SLAVE.CON_CSEN==1)" event="changed" cmd="setDef" data="CONT_$IDX$_SLAVE_CS.enabled=1;CONT_$IDX$_CSLOWSTART.enabled=0;CONT_$IDX$_CSLOWEND.enabled=0;CONT_$IDX$_MINCSHIGH.enabled=0"/>
      <action cond="($IDX$.CON.MS==1).*($IDX$_MASTER.CON_CSEN==0)" event="changed" cmd="setDef" data="CONT_$IDX$_MASTER_CS.enabled=0;CONT_$IDX$_CSLOWSTART.enabled=0;CONT_$IDX$_CSLOWEND.enabled=0;CONT_$IDX$_MINCSHIGH.enabled=0"/>
      <action cond="($IDX$.CON.MS==1).*($IDX$_MASTER.CON_CSEN==1)" event="changed" cmd="setDef" data="CONT_$IDX$_MASTER_CS.enabled=1;CONT_$IDX$_CSLOWSTART.enabled=1;CONT_$IDX$_CSLOWEND.enabled=1;CONT_$IDX$_MINCSHIGH.enabled=1"/>
      <action cond="SSC0.CON_MSTXENSEL!=2" event="changed" cmd="setDef" data="SSC0.INSEL_TXEVSEL_M0.visible=1;SSC0.INSEL_TXEVSEL_M0.enabled=0;SSC0.INSEL_TXEVSEL_M1.visible=0"/>
      <action cond="SSC0.CON_MSTXENSEL==2" event="changed" cmd="setDef" data="SSC0.INSEL_TXEVSEL_M0.visible=1;SSC0.INSEL_TXEVSEL_M0.enabled=1;SSC0.INSEL_TXEVSEL_M1.visible=0"/>
      <action cond="SSC1.CON_MSTXENSEL!=2" event="changed" cmd="setDef" data="SSC1.INSEL_TXEVSEL_M1.visible=1;SSC1.INSEL_TXEVSEL_M1.enabled=0;SSC1.INSEL_TXEVSEL_M0.visible=0"/>
      <action cond="SSC1.CON_MSTXENSEL==2" event="changed" cmd="setDef" data="SSC1.INSEL_TXEVSEL_M1.visible=1;SSC1.INSEL_TXEVSEL_M1.enabled=1;SSC1.INSEL_TXEVSEL_M0.visible=0"/>
      <action cond="$IDX$.TI_INT_EN==0" event="changed" cmd="setDef" data="CONT_$IDX$_TIEN.enabled=0;CONT_$IDX$_TINODE.enabled=0;CONT_$IDX$_TICB.enabled=0"/>
      <action cond="$IDX$.TI_INT_EN==1" event="changed" cmd="setDef" data="CONT_$IDX$_TIEN.enabled=1;CONT_$IDX$_TINODE.enabled=1;CONT_$IDX$_TICB.enabled=1"/>
      <action cond="$IDX$.RI_INT_EN==0" event="changed" cmd="setDef" data="CONT_$IDX$_RIEN.enabled=0;CONT_$IDX$_RINODE.enabled=0;CONT_$IDX$_RICB.enabled=0"/>
      <action cond="$IDX$.RI_INT_EN==1" event="changed" cmd="setDef" data="CONT_$IDX$_RIEN.enabled=1;CONT_$IDX$_RINODE.enabled=1;CONT_$IDX$_RICB.enabled=1"/>
      <action cond="$IDX$.ERR_INT_EN==0" event="changed" cmd="setDef" data="CONT_$IDX$_EINODE.enabled=0;CONT_$IDX$_TEIEN.enabled=0;CONT_$IDX$_TEICB.enabled=0;CONT_$IDX$_REIEN.enabled=0;CONT_$IDX$_REICB.enabled=0;CONT_$IDX$_PEIEN.enabled=0;CONT_$IDX$_PEICB.enabled=0;CONT_$IDX$_BEIEN.enabled=0;CONT_$IDX$_BEICB.enabled=0"/>
      <action cond="$IDX$.ERR_INT_EN==1" event="changed" cmd="setDef" data="CONT_$IDX$_EINODE.enabled=1;CONT_$IDX$_TEIEN.enabled=1;CONT_$IDX$_TEICB.enabled=1;CONT_$IDX$_REIEN.enabled=1;CONT_$IDX$_REICB.enabled=1;CONT_$IDX$_PEIEN.enabled=1;CONT_$IDX$_PEICB.enabled=1;CONT_$IDX$_BEIEN.enabled=1;CONT_$IDX$_BEICB.enabled=1"/>
      <action cond="$IDX$.BR_CONFIG==0" event="changed" cmd="setDef" data="CONT_$IDX$_BR_AUTO.enabled=1;CONT_$IDX$_BR_MANUAL.enabled=0"/>
      <action cond="$IDX$.BR_CONFIG==1" event="changed" cmd="setDef" data="CONT_$IDX$_BR_AUTO.enabled=0;CONT_$IDX$_BR_MANUAL.enabled=1"/>

      <!-- Update colors in graph -->
      <action event="changed" cmd="setDef" data="$IDX$_UPDATE_GRAPH.run=1"/>
    </timer>

    <timer visible="false" define="$IDX$_UPDATE_GRAPH" svd="0" interval="1" singleShot="1" run="0" header="">
      <action cond="$IDX$.CON.PO==0" event="changed" cmd="setDef" data="VIS_$IDX$_1=visible;VIS_$IDX$_2=hidden"/>
      <action cond="$IDX$.CON.PO==1" event="changed" cmd="setDef" data="VIS_$IDX$_1=hidden;VIS_$IDX$_2=visible"/>
      <action cond="($IDX$.CON.HB==0).*($IDX$.CON.PH==0)" event="changed" cmd="setDef" data="VIS_$IDX$_3=hidden;VIS_$IDX$_4=hidden;VIS_$IDX$_5=visible;VIS_$IDX$_6=hidden;VIS_$IDX$_7=hidden;VIS_$IDX$_8=visible"/>
      <action cond="($IDX$.CON.HB==0).*($IDX$.CON.PH==1)" event="changed" cmd="setDef" data="VIS_$IDX$_3=hidden;VIS_$IDX$_4=hidden;VIS_$IDX$_5=hidden;VIS_$IDX$_6=visible;VIS_$IDX$_7=visible;VIS_$IDX$_8=hidden"/>
      <action cond="($IDX$.CON.HB==1).*($IDX$.CON.PH==0)" event="changed" cmd="setDef" data="VIS_$IDX$_3=visible;VIS_$IDX$_4=hidden;VIS_$IDX$_5=hidden;VIS_$IDX$_6=hidden;VIS_$IDX$_7=hidden;VIS_$IDX$_8=visible"/>
      <action cond="($IDX$.CON.HB==1).*($IDX$.CON.PH==1)" event="changed" cmd="setDef" data="VIS_$IDX$_3=hidden;VIS_$IDX$_4=visible;VIS_$IDX$_5=hidden;VIS_$IDX$_6=hidden;VIS_$IDX$_7=visible;VIS_$IDX$_8=hidden"/>
    </timer>
  </verticalcontainer>
</ifxmlcfg>
