<?xml version="1.0" encoding="UTF-8" ?>
<!--file icw_ocn_dma.xml                                                            -->
<!--brief Embedded Power Modules configuration                                      -->
<!--                                                                                -->
<!--Copyright (c) 2021, Infineon Technologies AG                                    -->
<!--All rights reserved.                                                            -->
<!--                                                                                -->
<!--Redistribution and use in source and binary forms, with or without modification,-->
<!--are permitted provided that the following conditions are met:                   -->
<!--                                                                                -->
<!--  Redistributions of source code must retain the above copyright notice, this   -->
<!--  list of conditions and the following disclaimer.                              -->
<!--                                                                                -->
<!--  Redistributions in binary form must reproduce the above copyright notice,     -->
<!--  this list of conditions and the following disclaimer in the documentation     -->
<!--  and/or other materials provided with the distribution.                        -->
<!--                                                                                -->
<!--  Neither the name of the copyright holders nor the names of its contributors   -->
<!--  may be used to endorse or promote products derived from this software without -->
<!--  specific prior written permission.                                            -->
<!--                                                                                -->
<!--THIS SOFTWARE IS PROVIDED BY THE COPYRIGHT HOLDERS AND CONTRIBUTORS "AS IS" AND -->
<!--ANY EXPRESS OR IMPLIED WARRANTIES, INCLUDING, BUT NOT LIMITED TO, THE IMPLIED   -->
<!--WARRANTIES OF MERCHANTABILITY AND FITNESS FOR A PARTICULAR PURPOSE ARE          -->
<!--DISCLAIMED. IN NO EVENT SHALL THE COPYRIGHT HOLDER OR CONTRIBUTORS BE LIABLE    -->
<!--FOR ANY DIRECT, INDIRECT, INCIDENTAL, SPECIAL, EXEMPLARY, OR CONSEQUENTIAL      -->
<!--DAMAGES (INCLUDING, BUT NOT LIMITED TO, PROCUREMENT OF SUBSTITUTE GOODS OR      -->
<!--SERVICES; LOSS OF USE, DATA, OR PROFITS; OR BUSINESS INTERRUPTION) HOWEVER      -->
<!--CAUSED AND ON ANY THEORY OF LIABILITY, WHETHER IN CONTRACT, STRICT LIABILITY,   -->
<!--OR TORT (INCLUDING NEGLIGENCE OR OTHERWISE) ARISING IN ANY WAY OUT OF THE USE   -->
<!--OF THIS SOFTWARE, EVEN IF ADVISED OF THE POSSIBILITY OF SUCH DAMAGE.            -->
<!--                                                                                -->
<!--********************************************************************************-->
<!--        Infineon Embedded Power Family TLE989x Module Configuration File        -->
<!--********************************************************************************-->
<!--                                                                                -->
<!--********************************************************************************-->
<!--                               Author(s) Identity                               -->
<!--********************************************************************************-->
<!--   Initials     Name                                                            -->
<!--   DM           Daniel Mysliwitz                                                -->
<!--   JO           Julia Ott                                                       -->
<!--   BG           Blandine Guillot                                                -->
<!--********************************************************************************-->
<!--                                                                                -->
<!--********************************************************************************-->
<!--                            Revision Control History                            -->
<!--********************************************************************************-->
<!-- V0.0.1: 2020-09-11, JO:   Initial version                                      -->
<!-- V0.0.2: 2021-02-08, BG:   EP-690: Updated CW minimal version to 2.6.2          -->
<!--********************************************************************************-->
<ifxmlcfg version="2.6.2">
  <checksum>561789eb1796781adadc37a4c064e29136ff6e3e807292b78cc167c06694ea3b</checksum>
  <version label="V0.0.2"/>
  <verticalcontainer label="DMA">
    <header file="dma_defines.h">
      <treecontainer headerlabels="Item;Value;" columnwidths="250;250;1">
        <branch label="DMA Ch0">
          <combo label="Node Selection" define="SCU.INP7.INP_DMACH0" header="isr_defines.h">
            <item label="IRQ29" override="value1" lockon="CPU.NVIC_ISER.IRQEN29=1"/>
            <item label="IRQ30" override="value2" lockon="CPU.NVIC_ISER.IRQEN30=1"/>
          </combo>
          <checkbox label="DMA Ch0 Interrupt" define="DMA.CH0_INT_EN" uielement="branch" svd="0" header="isr_defines.h">      
            <checkbox label="Enable Interrupt" define="SCU.DMAIEN.DMACH0EN" header="isr_defines.h"/>
            <edit label="Callback" define="DMA.CH0_CALLBACK" svd="0" default="place_your_function_callback_here" header="isr_defines.h"/>
          </checkbox>           
        </branch>
        <branch label="DMA Ch1">
          <combo label="Node Selection" define="SCU.INP7.INP_DMACH1" header="isr_defines.h">
            <item label="IRQ29" override="value1" lockon="CPU.NVIC_ISER.IRQEN29=1"/>
            <item label="IRQ30" override="value2" lockon="CPU.NVIC_ISER.IRQEN30=1"/>
          </combo>
          <checkbox label="DMA Ch1 Interrupt" define="DMA.CH1_INT_EN" uielement="branch" svd="0" header="isr_defines.h">      
            <checkbox label="Enable Interrupt" define="SCU.DMAIEN.DMACH1EN" header="isr_defines.h"/>
            <edit label="Callback" define="DMA.CH1_CALLBACK" svd="0" default="place_your_function_callback_here" header="isr_defines.h"/>
          </checkbox> 
        </branch>
        <branch label="DMA Ch2">
          <combo label="Node Selection" define="SCU.INP7.INP_DMACH2" header="isr_defines.h">
            <item label="IRQ29" override="value1" lockon="CPU.NVIC_ISER.IRQEN29=1"/>
            <item label="IRQ30" override="value2" lockon="CPU.NVIC_ISER.IRQEN30=1"/>
          </combo>
          <checkbox label="DMA Ch2 Interrupt" define="DMA.CH2_INT_EN" uielement="branch" svd="0" header="isr_defines.h">      
            <checkbox label="Enable Interrupt" define="SCU.DMAIEN.DMACH2EN" header="isr_defines.h"/>
            <edit label="Callback" define="DMA.CH2_CALLBACK" svd="0" default="place_your_function_callback_here" header="isr_defines.h"/>
          </checkbox> 
        </branch>
        <branch label="DMA Ch3">
          <combo label="Node Selection" define="SCU.INP7.INP_DMACH3" header="isr_defines.h">
            <item label="IRQ29" override="value1" lockon="CPU.NVIC_ISER.IRQEN29=1"/>
            <item label="IRQ30" override="value2" lockon="CPU.NVIC_ISER.IRQEN30=1"/>
          </combo>
          <checkbox label="DMA Ch3 Interrupt" define="DMA.CH3_INT_EN" uielement="branch" svd="0" header="isr_defines.h">      
            <checkbox label="Enable Interrupt" define="SCU.DMAIEN.DMACH3EN" header="isr_defines.h"/>
            <edit label="Callback" define="DMA.CH3_CALLBACK" svd="0" default="place_your_function_callback_here" header="isr_defines.h"/>
          </checkbox> 
        </branch>
        <branch label="DMA Ch4">
          <combo label="Node Selection" define="SCU.INP7.INP_DMACH4" header="isr_defines.h">
            <item label="IRQ29" override="value1" lockon="CPU.NVIC_ISER.IRQEN29=1"/>
            <item label="IRQ30" override="value2" lockon="CPU.NVIC_ISER.IRQEN30=1"/>
          </combo>
          <checkbox label="DMA Ch4 Interrupt" define="DMA.CH4_INT_EN" uielement="branch" svd="0" header="isr_defines.h">      
            <checkbox label="Enable Interrupt" define="SCU.DMAIEN.DMACH4EN" header="isr_defines.h"/>
            <edit label="Callback" define="DMA.CH4_CALLBACK" svd="0" default="place_your_function_callback_here" header="isr_defines.h"/>
          </checkbox> 
        </branch>
        <branch label="DMA Ch5">
          <combo label="Node Selection" define="SCU.INP7.INP_DMACH5" header="isr_defines.h">
            <item label="IRQ29" override="value1" lockon="CPU.NVIC_ISER.IRQEN29=1"/>
            <item label="IRQ30" override="value2" lockon="CPU.NVIC_ISER.IRQEN30=1"/>
          </combo>
          <checkbox label="DMA Ch5 Interrupt" define="DMA.CH5_INT_EN" uielement="branch" svd="0" header="isr_defines.h">      
            <checkbox label="Enable Interrupt" define="SCU.DMAIEN.DMACH5EN" header="isr_defines.h"/>
            <edit label="Callback" define="DMA.CH5_CALLBACK" svd="0" default="place_your_function_callback_here" header="isr_defines.h"/>
          </checkbox> 
        </branch>
        <branch label="DMA Ch6">
          <combo label="Node Selection" define="SCU.INP7.INP_DMACH6" header="isr_defines.h">
            <item label="IRQ29" override="value1" lockon="CPU.NVIC_ISER.IRQEN29=1"/>
            <item label="IRQ30" override="value2" lockon="CPU.NVIC_ISER.IRQEN30=1"/>
          </combo>
          <checkbox label="DMA Ch6 Interrupt" define="DMA.CH6_INT_EN" uielement="branch" svd="0" header="isr_defines.h">      
            <checkbox label="Enable Interrupt" define="SCU.DMAIEN.DMACH6EN" header="isr_defines.h"/>
            <edit label="Callback" define="DMA.CH6_CALLBACK" svd="0" default="place_your_function_callback_here" header="isr_defines.h"/>
          </checkbox> 
        </branch>
        <branch label="DMA Ch7">
          <combo label="Node Selection" define="SCU.INP7.INP_DMACH7" header="isr_defines.h">
            <item label="IRQ29" override="value1" lockon="CPU.NVIC_ISER.IRQEN29=1"/>
            <item label="IRQ30" override="value2" lockon="CPU.NVIC_ISER.IRQEN30=1"/>
          </combo>
          <checkbox label="DMA Ch7 Interrupt" define="DMA.CH7_INT_EN" uielement="branch" svd="0" header="isr_defines.h">      
            <checkbox label="Enable Interrupt" define="SCU.DMAIEN.DMACH7EN" header="isr_defines.h"/>
            <edit label="Callback" define="DMA.CH7_CALLBACK" svd="0" default="place_your_function_callback_here" header="isr_defines.h"/>
          </checkbox> 
        </branch>
        <branch label="DMA Error">
          <combo label="Node Selection" define="SCU.INP7.INP_DMATRERR" header="isr_defines.h">
            <item label="IRQ29" override="value1" lockon="CPU.NVIC_ISER.IRQEN29=1"/>
            <item label="IRQ30" override="value2" lockon="CPU.NVIC_ISER.IRQEN30=1"/>
          </combo>
          <checkbox label="DMA Error Interrupt" define="DMA.ERROR_INT_EN" uielement="branch" svd="0" header="isr_defines.h">      
            <checkbox label="Enable Interrupt" define="SCU.DMAIEN.DMATRERREN" header="isr_defines.h"/>
            <edit label="Callback" define="DMA.ERROR_CALLBACK" svd="0" default="place_your_function_callback_here" header="isr_defines.h"/>
          </checkbox> 
        </branch>
      </treecontainer>
    </header>
  </verticalcontainer>
</ifxmlcfg>
