<?xml version="1.0" encoding="UTF-8" ?>
<!--file template_interrupt_overview_extint.xml                                     -->
<!--brief Embedded Power Modules configuration                                      -->
<!--                                                                                -->
<!--Copyright (c) 2021, Infineon Technologies AG                                    -->
<!--All rights reserved.                                                            -->
<!--                                                                                -->
<!--Redistribution and use in source and binary forms, with or without modification,-->
<!--are permitted provided that the following conditions are met:                   -->
<!--                                                                                -->
<!--  Redistributions of source code must retain the above copyright notice, this   -->
<!--  list of conditions and the following disclaimer.                              -->
<!--                                                                                -->
<!--  Redistributions in binary form must reproduce the above copyright notice,     -->
<!--  this list of conditions and the following disclaimer in the documentation     -->
<!--  and/or other materials provided with the distribution.                        -->
<!--                                                                                -->
<!--  Neither the name of the copyright holders nor the names of its contributors   -->
<!--  may be used to endorse or promote products derived from this software without -->
<!--  specific prior written permission.                                            -->
<!--                                                                                -->
<!--THIS SOFTWARE IS PROVIDED BY THE COPYRIGHT HOLDERS AND CONTRIBUTORS "AS IS" AND -->
<!--ANY EXPRESS OR IMPLIED WARRANTIES, INCLUDING, BUT NOT LIMITED TO, THE IMPLIED   -->
<!--WARRANTIES OF MERCHANTABILITY AND FITNESS FOR A PARTICULAR PURPOSE ARE          -->
<!--DISCLAIMED. IN NO EVENT SHALL THE COPYRIGHT HOLDER OR CONTRIBUTORS BE LIABLE    -->
<!--FOR ANY DIRECT, INDIRECT, INCIDENTAL, SPECIAL, EXEMPLARY, OR CONSEQUENTIAL      -->
<!--DAMAGES (INCLUDING, BUT NOT LIMITED TO, PROCUREMENT OF SUBSTITUTE GOODS OR      -->
<!--SERVICES; LOSS OF USE, DATA, OR PROFITS; OR BUSINESS INTERRUPTION) HOWEVER      -->
<!--CAUSED AND ON ANY THEORY OF LIABILITY, WHETHER IN CONTRACT, STRICT LIABILITY,   -->
<!--OR TORT (INCLUDING NEGLIGENCE OR OTHERWISE) ARISING IN ANY WAY OUT OF THE USE   -->
<!--OF THIS SOFTWARE, EVEN IF ADVISED OF THE POSSIBILITY OF SUCH DAMAGE.            -->
<!--                                                                                -->
<!--********************************************************************************-->
<!--        Infineon Embedded Power Family TLE989x Module Configuration File        -->
<!--********************************************************************************-->
<!--                                                                                -->
<!--********************************************************************************-->
<!--                               Author(s) Identity                               -->
<!--********************************************************************************-->
<!--   Initials     Name                                                            -->
<!--   DM           Daniel Mysliwitz                                                -->
<!--   JO           Julia Ott                                                       -->
<!--   BG           Blandine Guillot                                                -->
<!--********************************************************************************-->
<!--                                                                                -->
<!--********************************************************************************-->
<!--                            Revision Control History                            -->
<!--********************************************************************************-->
<!-- V0.0.1: 2020-09-11, JO:   Initial version                                      -->
<!-- V0.1.0: 2020-09-16, DM:   SCU.INP4.INP_EXTINT0 renamed to SCU.INP4.INP_EXINT0  -->
<!-- V0.1.1: 2020-10-12, JO:   EP-517: Corrected and added formulas for 'Enable'    -->
<!--                           column                                               -->
<!-- V0.2.0: 2020-09-28, BG:   Added doctotype and checksum                         -->
<!-- V0.2.1: 2021-02-08, BG:   EP-690: Updated CW minimal version to 2.6.2          -->
<!--********************************************************************************-->

<ifxmlcfg version="2.6.2">
  <checksum>60f2088572af406c3790066a63d4cc797d4838446e28b09d2855f6f3ce1791cd</checksum>
  <version label="V0.2.1"/>
  <svd file="tle989x.svd"/>
  <usesPython/>
  <verticalcontainer size="800;-1"  stretch="2">
    <text label="Configured Interrupts of Nodes 20, 21"/>
    <verticalcontainer label="Timer and Math" visible="false">
      <timer visible="true" define="EXTINT_FILL_INT_OVERVIEW" interval="1" singleShot="1" run="0">
        <action event="changed" cmd="setDef" data="RO_SCU.EXTINT0_RISING_CALLBACK=SCU.EXTINT0_RISING_CALLBACK"/>
        <action event="changed" cmd="setDef" data="RO_SCU.EXTINT0_FALLING_CALLBACK=SCU.EXTINT0_FALLING_CALLBACK"/>
        <action event="changed" cmd="setDef" data="RO_SCU.EXTINT1_RISING_CALLBACK=SCU.EXTINT1_RISING_CALLBACK"/>
        <action event="changed" cmd="setDef" data="RO_SCU.EXTINT1_FALLING_CALLBACK=SCU.EXTINT1_FALLING_CALLBACK"/>
        <action event="changed" cmd="setDef" data="RO_SCU.EXTINT2_RISING_CALLBACK=SCU.EXTINT2_RISING_CALLBACK"/>
        <action event="changed" cmd="setDef" data="RO_SCU.EXTINT2_FALLING_CALLBACK=SCU.EXTINT2_FALLING_CALLBACK"/>
        <action event="changed" cmd="setDef" data="RO_SCU.EXTINT3_RISING_CALLBACK=SCU.EXTINT3_RISING_CALLBACK"/>
        <action event="changed" cmd="setDef" data="RO_SCU.EXTINT3_FALLING_CALLBACK=SCU.EXTINT3_FALLING_CALLBACK"/>
      </timer>
      <math formula="SCU.EXTINT0_RISING_INT_EN"><action event="changed" cmd="setDef" data="SCU.EXTINT0_RISING_INT_BOX.visible=SCU.EXTINT0_RISING_INT_EN"/></math>
      <math formula="SCU.EXTINT0_FALLING_INT_EN"><action event="changed" cmd="setDef" data="SCU.EXTINT0_FALLING_INT_BOX.visible=SCU.EXTINT0_FALLING_INT_EN"/></math>
      <math formula="SCU.EXTINT1_RISING_INT_EN"><action event="changed" cmd="setDef" data="SCU.EXTINT1_RISING_INT_BOX.visible=SCU.EXTINT1_RISING_INT_EN"/></math>
      <math formula="SCU.EXTINT1_FALLING_INT_EN"><action event="changed" cmd="setDef" data="SCU.EXTINT1_FALLING_INT_BOX.visible=SCU.EXTINT1_FALLING_INT_EN"/></math>
      <math formula="SCU.EXTINT2_RISING_INT_EN"><action event="changed" cmd="setDef" data="SCU.EXTINT2_RISING_INT_BOX.visible=SCU.EXTINT2_RISING_INT_EN"/></math>
      <math formula="SCU.EXTINT2_FALLING_INT_EN"><action event="changed" cmd="setDef" data="SCU.EXTINT2_FALLING_INT_BOX.visible=SCU.EXTINT2_FALLING_INT_EN"/></math>
      <math formula="SCU.EXTINT3_RISING_INT_EN"><action event="changed" cmd="setDef" data="SCU.EXTINT3_RISING_INT_BOX.visible=SCU.EXTINT3_RISING_INT_EN"/></math>
      <math formula="SCU.EXTINT3_FALLING_INT_EN"><action event="changed" cmd="setDef" data="SCU.EXTINT3_FALLING_INT_BOX.visible=SCU.EXTINT3_FALLING_INT_EN"/></math>
    </verticalcontainer> <!-- Timer and Math -->
    <verticalcontainer label="Interrupt Overview ">
      <horizontalcontainer>
        <text size="200;-1" label="Interrupt"/>
        <text size="75;-1" label="Int. Node"/>
        <text size="75;-1" label="Enable"/>
        <text size="400;-1" label="Callback function"/>
      </horizontalcontainer>
      <horizontalcontainer define="SCU.EXTINT0_RISING_INT_BOX" visible="false">
        <text size="200;-1" label="EXTINT0 Rising Edge"/>
        <math size="75;-1" formula="SCU.INP4.INP_EXINT0+20"/>
      <math size="75;-1" formula="(SCU.EXTCON.EXTINT0IEV[0])"/>
        <edit size="400;-1" define="RO_SCU.EXTINT0_RISING_CALLBACK" svd="0" readonly="1" default=""/>
      </horizontalcontainer>
      <horizontalcontainer define="SCU.EXTINT0_FALLING_INT_BOX" visible="false">
        <text size="200;-1" label="EXTINT0 Falling Edge"/>
        <math size="75;-1" formula="SCU.INP4.INP_EXINT0+20"/>
      <math size="75;-1" formula="(SCU.EXTCON.EXTINT0IEV[1])"/>
        <edit size="400;-1" define="RO_SCU.EXTINT0_FALLING_CALLBACK" svd="0" readonly="1" default=""/>
      </horizontalcontainer>
      <horizontalcontainer define="SCU.EXTINT1_RISING_INT_BOX" visible="false">
        <text size="200;-1" label="EXTINT1 Rising Edge"/>
        <math size="75;-1" formula="SCU.INP4.INP_EXINT1+20"/>
      <math size="75;-1" formula="(SCU.EXTCON.EXTINT1IEV[0])"/>
        <edit size="400;-1" define="RO_SCU.EXTINT1_RISING_CALLBACK" svd="0" readonly="1" default=""/>
      </horizontalcontainer>
      <horizontalcontainer define="SCU.EXTINT1_FALLING_INT_BOX" visible="false">
        <text size="200;-1" label="EXTINT1 Falling Edge"/>
        <math size="75;-1" formula="SCU.INP4.INP_EXINT1+20"/>
      <math size="75;-1" formula="(SCU.EXTCON.EXTINT1IEV[1])"/>
        <edit size="400;-1" define="RO_SCU.EXTINT1_FALLING_CALLBACK" svd="0" readonly="1" default=""/>
      </horizontalcontainer>
      <horizontalcontainer define="SCU.EXTINT2_RISING_INT_BOX" visible="false">
        <text size="200;-1" label="EXTINT2 Rising Edge"/>
        <math size="75;-1" formula="SCU.INP4.INP_EXINT2+20"/>
      <math size="75;-1" formula="(SCU.EXTCON.EXTINT2IEV[0])"/>
        <edit size="400;-1" define="RO_SCU.EXTINT2_RISING_CALLBACK" svd="0" readonly="1" default=""/>
      </horizontalcontainer>
      <horizontalcontainer define="SCU.EXTINT2_FALLING_INT_BOX" visible="false">
        <text size="200;-1" label="EXTINT2 Falling Edge"/>
        <math size="75;-1" formula="SCU.INP4.INP_EXINT2+20"/>
      <math size="75;-1" formula="(SCU.EXTCON.EXTINT2IEV[1])"/>
        <edit size="400;-1" define="RO_SCU.EXTINT2_FALLING_CALLBACK" svd="0" readonly="1" default=""/>
      </horizontalcontainer>
      <horizontalcontainer define="SCU.EXTINT3_RISING_INT_BOX" visible="false">
        <text size="200;-1" label="EXTINT3 Rising Edge"/>
        <math size="75;-1" formula="SCU.INP4.INP_EXINT3+20"/>
      <math size="75;-1" formula="(SCU.EXTCON.EXTINT3IEV[0])"/>
        <edit size="400;-1" define="RO_SCU.EXTINT3_RISING_CALLBACK" svd="0" readonly="1" default=""/>
      </horizontalcontainer>
      <horizontalcontainer define="SCU.EXTINT3_FALLING_INT_BOX" visible="false">
        <text size="200;-1" label="EXTINT3 Falling Edge"/>
        <math size="75;-1" formula="SCU.INP4.INP_EXINT3+20"/>
      <math size="75;-1" formula="(SCU.EXTCON.EXTINT3IEV[1])"/>
        <edit size="400;-1" define="RO_SCU.EXTINT3_FALLING_CALLBACK" svd="0" readonly="1" default=""/>
      </horizontalcontainer>
    </verticalcontainer> <!-- Interrupt Overview -->
  </verticalcontainer>
</ifxmlcfg>

