<?xml version="1.0" encoding="UTF-8" ?>
<!--file template_interrupt_overview_t20.xml                                        -->
<!--brief Embedded Power Modules configuration                                      -->
<!--                                                                                -->
<!--Copyright (c) 2021, Infineon Technologies AG                                    -->
<!--All rights reserved.                                                            -->
<!--                                                                                -->
<!--Redistribution and use in source and binary forms, with or without modification,-->
<!--are permitted provided that the following conditions are met:                   -->
<!--                                                                                -->
<!--  Redistributions of source code must retain the above copyright notice, this   -->
<!--  list of conditions and the following disclaimer.                              -->
<!--                                                                                -->
<!--  Redistributions in binary form must reproduce the above copyright notice,     -->
<!--  this list of conditions and the following disclaimer in the documentation     -->
<!--  and/or other materials provided with the distribution.                        -->
<!--                                                                                -->
<!--  Neither the name of the copyright holders nor the names of its contributors   -->
<!--  may be used to endorse or promote products derived from this software without -->
<!--  specific prior written permission.                                            -->
<!--                                                                                -->
<!--THIS SOFTWARE IS PROVIDED BY THE COPYRIGHT HOLDERS AND CONTRIBUTORS "AS IS" AND -->
<!--ANY EXPRESS OR IMPLIED WARRANTIES, INCLUDING, BUT NOT LIMITED TO, THE IMPLIED   -->
<!--WARRANTIES OF MERCHANTABILITY AND FITNESS FOR A PARTICULAR PURPOSE ARE          -->
<!--DISCLAIMED. IN NO EVENT SHALL THE COPYRIGHT HOLDER OR CONTRIBUTORS BE LIABLE    -->
<!--FOR ANY DIRECT, INDIRECT, INCIDENTAL, SPECIAL, EXEMPLARY, OR CONSEQUENTIAL      -->
<!--DAMAGES (INCLUDING, BUT NOT LIMITED TO, PROCUREMENT OF SUBSTITUTE GOODS OR      -->
<!--SERVICES; LOSS OF USE, DATA, OR PROFITS; OR BUSINESS INTERRUPTION) HOWEVER      -->
<!--CAUSED AND ON ANY THEORY OF LIABILITY, WHETHER IN CONTRACT, STRICT LIABILITY,   -->
<!--OR TORT (INCLUDING NEGLIGENCE OR OTHERWISE) ARISING IN ANY WAY OUT OF THE USE   -->
<!--OF THIS SOFTWARE, EVEN IF ADVISED OF THE POSSIBILITY OF SUCH DAMAGE.            -->
<!--                                                                                -->
<!--********************************************************************************-->
<!--        Infineon Embedded Power Family TLE989x Module Configuration File        -->
<!--********************************************************************************-->
<!--                                                                                -->
<!--********************************************************************************-->
<!--                               Author(s) Identity                               -->
<!--********************************************************************************-->
<!--   Initials     Name                                                            -->
<!--   DM           Daniel Mysliwitz                                                -->
<!--   JO           Julia Ott                                                       -->
<!--   BG           Blandine Guillot                                                -->
<!--********************************************************************************-->
<!--                                                                                -->
<!--********************************************************************************-->
<!--                            Revision Control History                            -->
<!--********************************************************************************-->
<!-- V0.0.1: 2020-09-11, JO:   Initial version                                      -->
<!-- V0.1.0: 2020-10-23, BG:   EP-482: Added doctype and checksum                   -->
<!-- V0.1.1: 2021-02-08, BG:   EP-690: Updated CW minimal version to 2.6.2          -->
<!--********************************************************************************-->

<ifxmlcfg version="2.6.2">
  <checksum>e166c7074a956c3f132a01d14f4c08e0f66f0b74b1676c578a91ac5e22aed1fe</checksum>
  <version label="V0.1.1"/>
  <svd file="tle989x.svd"/>
  <usesPython/>
  <verticalcontainer size="800;-1"  stretch="2">
    <text label="Configured Interrupts of Nodes 9"/>
    <verticalcontainer label="Timer and Math" visible="false">
      <timer visible="true" define="T20_FILL_INT_OVERVIEW" interval="1" singleShot="1" run="0">
        <action event="changed" cmd="setDef" data="RO_T20.EXF2_CALLBACK=T20.EXF2_CALLBACK"/>
        <action event="changed" cmd="setDef" data="RO_T20.TF2_CALLBACK=T20.TF2_CALLBACK"/>
      </timer>
      <math formula="T20.EXF2_INT_EN"><action event="changed" cmd="setDef" data="T20.EXF2_INT_BOX.visible=T20.EXF2_INT_EN"/></math>
      <math formula="T20.TF2_INT_EN"><action event="changed" cmd="setDef" data="T20.TF2_INT_BOX.visible=T20.TF2_INT_EN"/></math>
    </verticalcontainer> <!-- Timer and Math -->
    <verticalcontainer label="Interrupt Overview ">
      <horizontalcontainer>
        <text size="200;-1" label="Interrupt"/>
        <text size="75;-1" label="Int. Node"/>
        <text size="75;-1" label="Enable"/>
        <text size="400;-1" label="Callback function"/>
      </horizontalcontainer>
      <horizontalcontainer define="T20.EXF2_INT_BOX" visible="false">
        <text size="200;-1" label="External Int"/>
        <math size="75;-1" formula="9"/>
        <math size="75;-1" formula="T20.CON1.EXF2EN"/>
        <edit size="400;-1" define="RO_T20.EXF2_CALLBACK" svd="0" readonly="1" default=""/>
      </horizontalcontainer>
      <horizontalcontainer define="T20.TF2_INT_BOX" visible="false">
        <text size="200;-1" label="Over-/Underflow Int"/>
        <math size="75;-1" formula="9"/>
        <math size="75;-1" formula="T20.CON1.TF2EN"/>
        <edit size="400;-1" define="RO_T20.TF2_CALLBACK" svd="0" readonly="1" default=""/>
      </horizontalcontainer>
    </verticalcontainer> <!-- Interrupt Overview -->
  </verticalcontainer>
</ifxmlcfg>

