<?xml version="1.0" encoding="UTF-8" ?>
<!--file template_adc1_calibration.xml                                              -->
<!--brief Embedded Power Modules configuration                                      -->
<!--                                                                                -->
<!--Copyright (c) 2021, Infineon Technologies AG                                    -->
<!--All rights reserved.                                                            -->
<!--                                                                                -->
<!--Redistribution and use in source and binary forms, with or without modification,-->
<!--are permitted provided that the following conditions are met:                   -->
<!--                                                                                -->
<!--  Redistributions of source code must retain the above copyright notice, this   -->
<!--  list of conditions and the following disclaimer.                              -->
<!--                                                                                -->
<!--  Redistributions in binary form must reproduce the above copyright notice,     -->
<!--  this list of conditions and the following disclaimer in the documentation     -->
<!--  and/or other materials provided with the distribution.                        -->
<!--                                                                                -->
<!--  Neither the name of the copyright holders nor the names of its contributors   -->
<!--  may be used to endorse or promote products derived from this software without -->
<!--  specific prior written permission.                                            -->
<!--                                                                                -->
<!--THIS SOFTWARE IS PROVIDED BY THE COPYRIGHT HOLDERS AND CONTRIBUTORS "AS IS" AND -->
<!--ANY EXPRESS OR IMPLIED WARRANTIES, INCLUDING, BUT NOT LIMITED TO, THE IMPLIED   -->
<!--WARRANTIES OF MERCHANTABILITY AND FITNESS FOR A PARTICULAR PURPOSE ARE          -->
<!--DISCLAIMED. IN NO EVENT SHALL THE COPYRIGHT HOLDER OR CONTRIBUTORS BE LIABLE    -->
<!--FOR ANY DIRECT, INDIRECT, INCIDENTAL, SPECIAL, EXEMPLARY, OR CONSEQUENTIAL      -->
<!--DAMAGES (INCLUDING, BUT NOT LIMITED TO, PROCUREMENT OF SUBSTITUTE GOODS OR      -->
<!--SERVICES; LOSS OF USE, DATA, OR PROFITS; OR BUSINESS INTERRUPTION) HOWEVER      -->
<!--CAUSED AND ON ANY THEORY OF LIABILITY, WHETHER IN CONTRACT, STRICT LIABILITY,   -->
<!--OR TORT (INCLUDING NEGLIGENCE OR OTHERWISE) ARISING IN ANY WAY OUT OF THE USE   -->
<!--OF THIS SOFTWARE, EVEN IF ADVISED OF THE POSSIBILITY OF SUCH DAMAGE.            -->
<!--                                                                                -->
<!--********************************************************************************-->
<!--        Infineon Embedded Power Family TLE989x Module Configuration File        -->
<!--********************************************************************************-->
<!--                                                                                -->
<!--********************************************************************************-->
<!--                               Author(s) Identity                               -->
<!--********************************************************************************-->
<!--   Initials     Name                                                            -->
<!--   DM           Daniel Mysliwitz                                                -->
<!--   JO           Julia Ott                                                       -->
<!--   BG           Blandine Guillot                                                -->
<!--********************************************************************************-->
<!--                                                                                -->
<!--********************************************************************************-->
<!--                            Revision Control History                            -->
<!--********************************************************************************-->
<!-- V0.0.1: 2020-09-11, DM:   Initial version                                      -->
<!-- V0.1.0: 2020-10-23, BG:   EP-482: Added doctype and checksum                   -->
<!-- V0.2.0: 2020-12-16, BG:   EP-647: Restructured module with Python              -->
<!--********************************************************************************-->

<!-- Calibration Template -->
<!-- Parameter:           -->
<!--   IDX, analog input index, range 0..26 -->
<!--   TXT, analog input select -->

<ifxmlcfg version="2.6.2">
  <checksum>83682b8ff99cc23c94f0be938eeb2c4a8ce0eda3d2b5671d7fac518a6e2ef133</checksum>
  <version label="V0.2.0"/>
  <svd file="tle989x.svd"/>
  <usesPython/>
  <groupcontainer define="ADC1.CALIBCONT_AI$IDX$" headerlabels="Item;Value;" size="-1;115" label="Calibration" columnwidths="250;300;1" visible="false" font="Source Sans Pro,12,0,0,100,0,0,0,0,0" color="206;217;164">
    <header file="adc1_defines.h">
      <verticalcontainer>
        <horizontalcontainer>
          <text label="Enable Calibration for input $TXT$"/>
          <checkbox define="ADC1.CALIB$IDX$_EN" svd="0" label="Enable Calibration" header="temp_defines.h"/>
          <math define="ADC1.CALEN[$IDX$]" visible="false" formula="ADC1.CALIB$IDX$_EN"/>
        </horizontalcontainer>
        <horizontalcontainer>
          <text label="The gain is determined individually per chip and preloaded by the BootROM at startup."/>
        </horizontalcontainer>
        <horizontalcontainer>
          <text label="The offset is determined individually per chip and preloaded by the BootROM at startup."/>
        </horizontalcontainer>
      </verticalcontainer>
    </header>
  </groupcontainer>
</ifxmlcfg>
