<?xml version="1.0" encoding="UTF-8" ?>
<!--file template_ssc_inten.xml                                                     -->
<!--brief Embedded Power Modules configuration                                      -->
<!--                                                                                -->
<!--Copyright (c) 2021, Infineon Technologies AG                                    -->
<!--All rights reserved.                                                            -->
<!--                                                                                -->
<!--Redistribution and use in source and binary forms, with or without modification,-->
<!--are permitted provided that the following conditions are met:                   -->
<!--                                                                                -->
<!--  Redistributions of source code must retain the above copyright notice, this   -->
<!--  list of conditions and the following disclaimer.                              -->
<!--                                                                                -->
<!--  Redistributions in binary form must reproduce the above copyright notice,     -->
<!--  this list of conditions and the following disclaimer in the documentation     -->
<!--  and/or other materials provided with the distribution.                        -->
<!--                                                                                -->
<!--  Neither the name of the copyright holders nor the names of its contributors   -->
<!--  may be used to endorse or promote products derived from this software without -->
<!--  specific prior written permission.                                            -->
<!--                                                                                -->
<!--THIS SOFTWARE IS PROVIDED BY THE COPYRIGHT HOLDERS AND CONTRIBUTORS "AS IS" AND -->
<!--ANY EXPRESS OR IMPLIED WARRANTIES, INCLUDING, BUT NOT LIMITED TO, THE IMPLIED   -->
<!--WARRANTIES OF MERCHANTABILITY AND FITNESS FOR A PARTICULAR PURPOSE ARE          -->
<!--DISCLAIMED. IN NO EVENT SHALL THE COPYRIGHT HOLDER OR CONTRIBUTORS BE LIABLE    -->
<!--FOR ANY DIRECT, INDIRECT, INCIDENTAL, SPECIAL, EXEMPLARY, OR CONSEQUENTIAL      -->
<!--DAMAGES (INCLUDING, BUT NOT LIMITED TO, PROCUREMENT OF SUBSTITUTE GOODS OR      -->
<!--SERVICES; LOSS OF USE, DATA, OR PROFITS; OR BUSINESS INTERRUPTION) HOWEVER      -->
<!--CAUSED AND ON ANY THEORY OF LIABILITY, WHETHER IN CONTRACT, STRICT LIABILITY,   -->
<!--OR TORT (INCLUDING NEGLIGENCE OR OTHERWISE) ARISING IN ANY WAY OUT OF THE USE   -->
<!--OF THIS SOFTWARE, EVEN IF ADVISED OF THE POSSIBILITY OF SUCH DAMAGE.            -->
<!--                                                                                -->
<!--********************************************************************************-->
<!--        Infineon Embedded Power Family TLE989x Module Configuration File        -->
<!--********************************************************************************-->
<!--                                                                                -->
<!--********************************************************************************-->
<!--                               Author(s) Identity                               -->
<!--********************************************************************************-->
<!--   Initials     Name                                                            -->
<!--   DM           Daniel Mysliwitz                                                -->
<!--   JO           Julia Ott                                                       -->
<!--   BG           Blandine Guillot                                                -->
<!--********************************************************************************-->
<!--                                                                                -->
<!--********************************************************************************-->
<!--                            Revision Control History                            -->
<!--********************************************************************************-->
<!-- V0.0.1: 2020-09-11, BG:   Initial version                                      -->
<!-- V0.1.0: 2020-10-23, BG:   EP-482: Added doctype and checksum                   -->
<!-- V0.1.1: 2021-02-08, BG:   EP-690: Updated CW minimal version to 2.6.2          -->
<!-- V0.1.2: 2021-04-06, BG:   EP-758: Renamed interrupt defines                    -->
<!--********************************************************************************-->

<!-- Module Definition -->
<!-- IDX: SSC0, SSC1 -->

<ifxmlcfg version="2.6.2">
  <checksum>8a11a3bd98c08079bcb91b2745c6d4bc471203bfe296bcd631368f3cb1c4faf1</checksum>
  <version label="V0.1.2"/>
  <svd file="tle989x.svd"/>
  <usesPython/>
  <horizontalcontainer>
    <checkbox label="$INT_TXT$ Interrupt" define="$IDX$.$INT$_INT_EN" svd="0" default="0" size="490;-1" header="isr_defines.h">
      <action event="checked" cmd="setDef" data="$IDX$_UPDATE_MODE.run=1"/>
      <action event="unchecked" cmd="setDef" data="$IDX$_UPDATE_MODE.run=1"/>
    </checkbox>
  </horizontalcontainer>
</ifxmlcfg>
