<?xml version="1.0" encoding="UTF-8" ?>
<!--file template_ccu7_sum_cmpval.xml                                               -->
<!--brief Embedded Power Modules configuration                                      -->
<!--                                                                                -->
<!--Copyright (c) 2021, Infineon Technologies AG                                    -->
<!--All rights reserved.                                                            -->
<!--                                                                                -->
<!--Redistribution and use in source and binary forms, with or without modification,-->
<!--are permitted provided that the following conditions are met:                   -->
<!--                                                                                -->
<!--  Redistributions of source code must retain the above copyright notice, this   -->
<!--  list of conditions and the following disclaimer.                              -->
<!--                                                                                -->
<!--  Redistributions in binary form must reproduce the above copyright notice,     -->
<!--  this list of conditions and the following disclaimer in the documentation     -->
<!--  and/or other materials provided with the distribution.                        -->
<!--                                                                                -->
<!--  Neither the name of the copyright holders nor the names of its contributors   -->
<!--  may be used to endorse or promote products derived from this software without -->
<!--  specific prior written permission.                                            -->
<!--                                                                                -->
<!--THIS SOFTWARE IS PROVIDED BY THE COPYRIGHT HOLDERS AND CONTRIBUTORS "AS IS" AND -->
<!--ANY EXPRESS OR IMPLIED WARRANTIES, INCLUDING, BUT NOT LIMITED TO, THE IMPLIED   -->
<!--WARRANTIES OF MERCHANTABILITY AND FITNESS FOR A PARTICULAR PURPOSE ARE          -->
<!--DISCLAIMED. IN NO EVENT SHALL THE COPYRIGHT HOLDER OR CONTRIBUTORS BE LIABLE    -->
<!--FOR ANY DIRECT, INDIRECT, INCIDENTAL, SPECIAL, EXEMPLARY, OR CONSEQUENTIAL      -->
<!--DAMAGES (INCLUDING, BUT NOT LIMITED TO, PROCUREMENT OF SUBSTITUTE GOODS OR      -->
<!--SERVICES; LOSS OF USE, DATA, OR PROFITS; OR BUSINESS INTERRUPTION) HOWEVER      -->
<!--CAUSED AND ON ANY THEORY OF LIABILITY, WHETHER IN CONTRACT, STRICT LIABILITY,   -->
<!--OR TORT (INCLUDING NEGLIGENCE OR OTHERWISE) ARISING IN ANY WAY OUT OF THE USE   -->
<!--OF THIS SOFTWARE, EVEN IF ADVISED OF THE POSSIBILITY OF SUCH DAMAGE.            -->
<!--                                                                                -->
<!--********************************************************************************-->
<!--        Infineon Embedded Power Family TLE989x Module Configuration File        -->
<!--********************************************************************************-->
<!--                                                                                -->
<!--********************************************************************************-->
<!--                               Author(s) Identity                               -->
<!--********************************************************************************-->
<!--   Initials     Name                                                            -->
<!--   DM           Daniel Mysliwitz                                                -->
<!--   JO           Julia Ott                                                       -->
<!--   BG           Blandine Guillot                                                -->
<!--********************************************************************************-->
<!--                                                                                -->
<!--********************************************************************************-->
<!--                            Revision Control History                            -->
<!--********************************************************************************-->
<!-- V0.0.1: 2020-09-11, JO:   Initial version                                      -->
<!-- V0.1.0: 2020-09-23, JO:   EP-469: Added xml tag and checksum                   -->
<!-- V0.1.1: 2020-11-04, JO:   EP-568: Performance optimization: removed unused     -->
<!--                           formulas                                             -->
<!-- V0.1.2: 2021-02-08, BG:   EP-690: Updated CW minimal version to 2.6.2          -->
<!--********************************************************************************-->

<!-- Parameter: -->
<!-- TIMER_IDX -->
<!-- TIMER_PERVAL -->
<!-- CMPVAL_IDX -->
<!-- CMPVAL_INPUT -->
<!-- CMPVAL_UNIT -->
<!-- CMPVAL_REGISTER -->
<ifxmlcfg version="2.6.2">
  <checksum>9e4168b67123d50b691856145ae9941eab7fd18bb797d03013cc975fe3888a1a</checksum>
  <version label="V0.1.2"/>

  <groupcontainer label="$CMPVAL_IDX$" visible="false">
    <header file="">
      <!-- Compare Value -->
      <spinbox define="CCU7_$CMPVAL_IDX$_CMPVAL_CALC" svd="0" header="temp_defines.h"/>

      <!-- Graph -->
      <spinbox define="CCU7_GRAPH_$CMPVAL_IDX$_UP_x" svd="0"/>
      <spinbox define="CCU7_GRAPH_$CMPVAL_IDX$_UP_y" svd="0"/>  
      <spinbox define="CCU7_GRAPH_$CMPVAL_IDX$_DOWN_x" svd="0"/>
      <spinbox define="CCU7_GRAPH_$CMPVAL_IDX$_DOWN_y" svd="0"/>
    </header>
  </groupcontainer>
  
</ifxmlcfg>