<?xml version="1.0" encoding="UTF-8" ?>
<!--file template_gpio_p2.xml                                                       -->
<!--brief Embedded Power Modules configuration                                      -->
<!--                                                                                -->
<!--Copyright (c) 2021, Infineon Technologies AG                                    -->
<!--All rights reserved.                                                            -->
<!--                                                                                -->
<!--Redistribution and use in source and binary forms, with or without modification,-->
<!--are permitted provided that the following conditions are met:                   -->
<!--                                                                                -->
<!--  Redistributions of source code must retain the above copyright notice, this   -->
<!--  list of conditions and the following disclaimer.                              -->
<!--                                                                                -->
<!--  Redistributions in binary form must reproduce the above copyright notice,     -->
<!--  this list of conditions and the following disclaimer in the documentation     -->
<!--  and/or other materials provided with the distribution.                        -->
<!--                                                                                -->
<!--  Neither the name of the copyright holders nor the names of its contributors   -->
<!--  may be used to endorse or promote products derived from this software without -->
<!--  specific prior written permission.                                            -->
<!--                                                                                -->
<!--THIS SOFTWARE IS PROVIDED BY THE COPYRIGHT HOLDERS AND CONTRIBUTORS "AS IS" AND -->
<!--ANY EXPRESS OR IMPLIED WARRANTIES, INCLUDING, BUT NOT LIMITED TO, THE IMPLIED   -->
<!--WARRANTIES OF MERCHANTABILITY AND FITNESS FOR A PARTICULAR PURPOSE ARE          -->
<!--DISCLAIMED. IN NO EVENT SHALL THE COPYRIGHT HOLDER OR CONTRIBUTORS BE LIABLE    -->
<!--FOR ANY DIRECT, INDIRECT, INCIDENTAL, SPECIAL, EXEMPLARY, OR CONSEQUENTIAL      -->
<!--DAMAGES (INCLUDING, BUT NOT LIMITED TO, PROCUREMENT OF SUBSTITUTE GOODS OR      -->
<!--SERVICES; LOSS OF USE, DATA, OR PROFITS; OR BUSINESS INTERRUPTION) HOWEVER      -->
<!--CAUSED AND ON ANY THEORY OF LIABILITY, WHETHER IN CONTRACT, STRICT LIABILITY,   -->
<!--OR TORT (INCLUDING NEGLIGENCE OR OTHERWISE) ARISING IN ANY WAY OUT OF THE USE   -->
<!--OF THIS SOFTWARE, EVEN IF ADVISED OF THE POSSIBILITY OF SUCH DAMAGE.            -->
<!--                                                                                -->
<!--********************************************************************************-->
<!--        Infineon Embedded Power Family TLE989x Module Configuration File        -->
<!--********************************************************************************-->
<!--                                                                                -->
<!--********************************************************************************-->
<!--                               Author(s) Identity                               -->
<!--********************************************************************************-->
<!--   Initials     Name                                                            -->
<!--   DM           Daniel Mysliwitz                                                -->
<!--   JO           Julia Ott                                                       -->
<!--   BG           Blandine Guillot                                                -->
<!--********************************************************************************-->
<!--                                                                                -->
<!--********************************************************************************-->
<!--                            Revision Control History                            -->
<!--********************************************************************************-->
<!-- V0.0.1: 2020-09-11, JO:   Initial version                                      -->
<!-- V0.1.0: 2020-10-23, BG:   EP-482: Added doctype and checksum                   -->
<!-- V0.1.1: 2021-02-08, BG:   EP-690: Updated CW minimal version to 2.6.2          -->
<!--********************************************************************************-->

<!-- Parameter: -->
<!-- PORT_IDX --> 
<!-- PIN_IDX -->
<!-- ATLSEL_IDX -->

<ifxmlcfg version="2.6.2">
  <checksum>f01b65cc51eb369b5d091d2afd3471073f8c0d92cea97cf403eea2db362ac499</checksum>
  <version label="V0.1.1"/>
  <svd file="tle989x.svd"/>
  <usesPython/>
  <branch label="P$PORT_IDX$.$PIN_IDX$" expand="1">
    <header file="gpio_defines.h">
      <radio label="Direction" define="GPIO.P$PORT_IDX$_INDIS.INDIS$PIN_IDX$">
        <radiobutton label="Input" value="0"></radiobutton>
        <radiobutton label="Disabled" value="1" uielement="branch"></radiobutton>
      </radio>
      <combo label="Pull Mode" define="GPIO_PULLMODE_P$PORT_IDX$_$PIN_IDX$" svd="0" header="">
        <item label="None"      value="0"/>
        <item label="Pull-Down" value="2"/>
        <item label="Pull-Up"   value="3"/>
      </combo>
      <math label="Pull Up/Down Enable" define="GPIO.P$PORT_IDX$_PUD.PUDEN$PIN_IDX$" visible="false" formula="GPIO_PULLMODE_P$PORT_IDX$_$PIN_IDX$?1:0"/>
      <math label="Pull Up/Down Selection" define="GPIO.P$PORT_IDX$_PUD.PUDSEL$PIN_IDX$" visible="false" formula="GPIO_PULLMODE_P$PORT_IDX$_$PIN_IDX$.*1"/>
    </header>
  </branch>
</ifxmlcfg>
