<?xml version="1.0" encoding="UTF-8" ?>
<!--file template_interrupt_overview_can.xml                                        -->
<!--brief Embedded Power Modules configuration                                      -->
<!--                                                                                -->
<!--Copyright (c) 2021, Infineon Technologies AG                                    -->
<!--All rights reserved.                                                            -->
<!--                                                                                -->
<!--Redistribution and use in source and binary forms, with or without modification,-->
<!--are permitted provided that the following conditions are met:                   -->
<!--                                                                                -->
<!--  Redistributions of source code must retain the above copyright notice, this   -->
<!--  list of conditions and the following disclaimer.                              -->
<!--                                                                                -->
<!--  Redistributions in binary form must reproduce the above copyright notice,     -->
<!--  this list of conditions and the following disclaimer in the documentation     -->
<!--  and/or other materials provided with the distribution.                        -->
<!--                                                                                -->
<!--  Neither the name of the copyright holders nor the names of its contributors   -->
<!--  may be used to endorse or promote products derived from this software without -->
<!--  specific prior written permission.                                            -->
<!--                                                                                -->
<!--THIS SOFTWARE IS PROVIDED BY THE COPYRIGHT HOLDERS AND CONTRIBUTORS "AS IS" AND -->
<!--ANY EXPRESS OR IMPLIED WARRANTIES, INCLUDING, BUT NOT LIMITED TO, THE IMPLIED   -->
<!--WARRANTIES OF MERCHANTABILITY AND FITNESS FOR A PARTICULAR PURPOSE ARE          -->
<!--DISCLAIMED. IN NO EVENT SHALL THE COPYRIGHT HOLDER OR CONTRIBUTORS BE LIABLE    -->
<!--FOR ANY DIRECT, INDIRECT, INCIDENTAL, SPECIAL, EXEMPLARY, OR CONSEQUENTIAL      -->
<!--DAMAGES (INCLUDING, BUT NOT LIMITED TO, PROCUREMENT OF SUBSTITUTE GOODS OR      -->
<!--SERVICES; LOSS OF USE, DATA, OR PROFITS; OR BUSINESS INTERRUPTION) HOWEVER      -->
<!--CAUSED AND ON ANY THEORY OF LIABILITY, WHETHER IN CONTRACT, STRICT LIABILITY,   -->
<!--OR TORT (INCLUDING NEGLIGENCE OR OTHERWISE) ARISING IN ANY WAY OUT OF THE USE   -->
<!--OF THIS SOFTWARE, EVEN IF ADVISED OF THE POSSIBILITY OF SUCH DAMAGE.            -->
<!--                                                                                -->
<!--********************************************************************************-->
<!--        Infineon Embedded Power Family TLE989x Module Configuration File        -->
<!--********************************************************************************-->
<!--                                                                                -->
<!--********************************************************************************-->
<!--                               Author(s) Identity                               -->
<!--********************************************************************************-->
<!--   Initials     Name                                                            -->
<!--   DM           Daniel Mysliwitz                                                -->
<!--   JO           Julia Ott                                                       -->
<!--   BG           Blandine Guillot                                                -->
<!--********************************************************************************-->
<!--                                                                                -->
<!--********************************************************************************-->
<!--                            Revision Control History                            -->
<!--********************************************************************************-->
<!-- V0.0.1: 2020-09-11, JO:   Initial version                                      -->
<!-- V0.1.0: 2020-10-23, BG:   EP-482: Added doctype and checksum                   -->
<!-- V0.1.1: 2021-02-08, BG:   EP-690: Updated CW minimal version to 2.6.2          -->
<!--********************************************************************************-->

<ifxmlcfg version="2.6.2">
  <checksum>58124d544ee0a85cf4f3b15901352a2cbfc86a36fb396a9f3074add721713f03</checksum>
  <version label="V0.1.1"/>
  <svd file="tle989x.svd"/>
  <usesPython/>
  <verticalcontainer size="800;-1"  stretch="2">
    <text label="Configured Interrupts of Nodes 26, 27, 28"/>
    <verticalcontainer label="Timer and Math" visible="false">
      <timer visible="true" define="CAN_FILL_INT_OVERVIEW" interval="1" singleShot="1" run="0">
        <action event="changed" cmd="setDef" data="RO_CAN_NODE0_TXOK_CALLBACK=CAN_NODE0_TXOK_CALLBACK"/>
        <action event="changed" cmd="setDef" data="RO_CAN_NODE0_RXOK_CALLBACK=CAN_NODE0_RXOK_CALLBACK"/>
        <action event="changed" cmd="setDef" data="RO_CAN_NODE0_LEC_CALLBACK=CAN_NODE0_LEC_CALLBACK"/>
        <action event="changed" cmd="setDef" data="RO_CAN_NODE0_EWRN_CALLBACK=CAN_NODE0_EWRN_CALLBACK"/>
        <action event="changed" cmd="setDef" data="RO_CAN_NODE0_BOFF_CALLBACK=CAN_NODE0_BOFF_CALLBACK"/>
        <action event="changed" cmd="setDef" data="RO_CAN_NODE0_LLE_CALLBACK=CAN_NODE0_LLE_CALLBACK"/>
        <action event="changed" cmd="setDef" data="RO_CAN_NODE0_LOE_CALLBACK=CAN_NODE0_LOE_CALLBACK"/>
        <action event="changed" cmd="setDef" data="RO_CAN_NODE0_CFCOV_CALLBACK=CAN_NODE0_CFCOV_CALLBACK"/>
        <action event="changed" cmd="setDef" data="RO_CAN_MSG0_TXPND_CALLBACK=CAN_MSG0_TXPND_CALLBACK"/>
        <action event="changed" cmd="setDef" data="RO_CAN_MSG0_RXPND_CALLBACK=CAN_MSG0_RXPND_CALLBACK"/>
        <action event="changed" cmd="setDef" data="RO_CAN_MSG0_FIFO_OVF_CALLBACK=CAN_MSG0_FIFO_OVF_CALLBACK"/>
        <action event="changed" cmd="setDef" data="RO_="/>
        <action event="changed" cmd="setDef" data="RO_="/>
        <action event="changed" cmd="setDef" data="RO_="/>
        <action event="changed" cmd="setDef" data="RO_="/>
        <action event="changed" cmd="setDef" data="RO_="/>
        <action event="changed" cmd="setDef" data="RO_="/>
        <action event="changed" cmd="setDef" data="RO_="/>
        <action event="changed" cmd="setDef" data="RO_="/>
        <action event="changed" cmd="setDef" data="RO_="/>
        <action event="changed" cmd="setDef" data="RO_="/>
        <action event="changed" cmd="setDef" data="RO_="/>
        <action event="changed" cmd="setDef" data="RO_="/>
        <action event="changed" cmd="setDef" data="RO_="/>
        <action event="changed" cmd="setDef" data="RO_="/>
        <action event="changed" cmd="setDef" data="RO_="/>
        <action event="changed" cmd="setDef" data="RO_="/>
        <action event="changed" cmd="setDef" data="RO_="/>
        <action event="changed" cmd="setDef" data="RO_="/>
        <action event="changed" cmd="setDef" data="RO_="/>
        <action event="changed" cmd="setDef" data="RO_="/>
        <action event="changed" cmd="setDef" data="RO_="/>
        <action event="changed" cmd="setDef" data="RO_="/>
        <action event="changed" cmd="setDef" data="RO_="/>
        <action event="changed" cmd="setDef" data="RO_="/>
        <action event="changed" cmd="setDef" data="RO_="/>
        <action event="changed" cmd="setDef" data="RO_="/>
        <action event="changed" cmd="setDef" data="RO_="/>
        <action event="changed" cmd="setDef" data="RO_="/>
        <action event="changed" cmd="setDef" data="RO_="/>
        <action event="changed" cmd="setDef" data="RO_="/>
        <action event="changed" cmd="setDef" data="RO_="/>
        <action event="changed" cmd="setDef" data="RO_="/>
        <action event="changed" cmd="setDef" data="RO_="/>
        <action event="changed" cmd="setDef" data="RO_="/>
        <action event="changed" cmd="setDef" data="RO_="/>
        <action event="changed" cmd="setDef" data="RO_="/>
        <action event="changed" cmd="setDef" data="RO_="/>
        <action event="changed" cmd="setDef" data="RO_="/>
        <action event="changed" cmd="setDef" data="RO_="/>
        <action event="changed" cmd="setDef" data="RO_="/>
        <action event="changed" cmd="setDef" data="RO_="/>
        <action event="changed" cmd="setDef" data="RO_="/>
        <action event="changed" cmd="setDef" data="RO_="/>
        <action event="changed" cmd="setDef" data="RO_="/>
        <action event="changed" cmd="setDef" data="RO_="/>
        <action event="changed" cmd="setDef" data="RO_="/>
        <action event="changed" cmd="setDef" data="RO_="/>
        <action event="changed" cmd="setDef" data="RO_="/>
        <action event="changed" cmd="setDef" data="RO_="/>
        <action event="changed" cmd="setDef" data="RO_="/>
        <action event="changed" cmd="setDef" data="RO_="/>
        <action event="changed" cmd="setDef" data="RO_="/>
        <action event="changed" cmd="setDef" data="RO_="/>
        <action event="changed" cmd="setDef" data="RO_="/>
        <action event="changed" cmd="setDef" data="RO_="/>
        <action event="changed" cmd="setDef" data="RO_="/>
        <action event="changed" cmd="setDef" data="RO_="/>
        <action event="changed" cmd="setDef" data="RO_="/>
        <action event="changed" cmd="setDef" data="RO_="/>
        <action event="changed" cmd="setDef" data="RO_="/>
        <action event="changed" cmd="setDef" data="RO_="/>
        <action event="changed" cmd="setDef" data="RO_="/>
        <action event="changed" cmd="setDef" data="RO_="/>
        <action event="changed" cmd="setDef" data="RO_="/>
        <action event="changed" cmd="setDef" data="RO_="/>
        <action event="changed" cmd="setDef" data="RO_="/>
        <action event="changed" cmd="setDef" data="RO_="/>
        <action event="changed" cmd="setDef" data="RO_="/>
        <action event="changed" cmd="setDef" data="RO_="/>
        <action event="changed" cmd="setDef" data="RO_="/>
        <action event="changed" cmd="setDef" data="RO_="/>
        <action event="changed" cmd="setDef" data="RO_="/>
        <action event="changed" cmd="setDef" data="RO_="/>
        <action event="changed" cmd="setDef" data="RO_="/>
        <action event="changed" cmd="setDef" data="RO_="/>
        <action event="changed" cmd="setDef" data="RO_="/>
        <action event="changed" cmd="setDef" data="RO_="/>
        <action event="changed" cmd="setDef" data="RO_="/>
        <action event="changed" cmd="setDef" data="RO_="/>
        <action event="changed" cmd="setDef" data="RO_="/>
        <action event="changed" cmd="setDef" data="RO_="/>
        <action event="changed" cmd="setDef" data="RO_="/>
        <action event="changed" cmd="setDef" data="RO_="/>
        <action event="changed" cmd="setDef" data="RO_="/>
        <action event="changed" cmd="setDef" data="RO_="/>
        <action event="changed" cmd="setDef" data="RO_="/>
        <action event="changed" cmd="setDef" data="RO_="/>
        <action event="changed" cmd="setDef" data="RO_="/>
        <action event="changed" cmd="setDef" data="RO_="/>
        <action event="changed" cmd="setDef" data="RO_="/>
        <action event="changed" cmd="setDef" data="RO_="/>
        <action event="changed" cmd="setDef" data="RO_="/>
        <action event="changed" cmd="setDef" data="RO_="/>
      </timer>
      <math formula="CAN_NODE0_TXOK_INT_EN"><action event="changed" cmd="setDef" data="CAN_NODE0_TXOK_INT_BOX.visible=CAN_NODE0_TXOK_INT_EN"/></math>
      <math formula="CAN_NODE0_RXOK_INT_EN"><action event="changed" cmd="setDef" data="CAN_NODE0_RXOK_INT_BOX.visible=CAN_NODE0_RXOK_INT_EN"/></math>
      <math formula="CAN_NODE0_LEC_INT_EN"><action event="changed" cmd="setDef" data="CAN_NODE0_LEC_INT_BOX.visible=CAN_NODE0_LEC_INT_EN"/></math>
      <math formula="CAN_NODE0_EWRN_INT_EN"><action event="changed" cmd="setDef" data="CAN_NODE0_EWRN_INT_BOX.visible=CAN_NODE0_EWRN_INT_EN"/></math>
      <math formula="CAN_NODE0_BOFF_INT_EN"><action event="changed" cmd="setDef" data="CAN_NODE0_BOFF_INT_BOX.visible=CAN_NODE0_BOFF_INT_EN"/></math>
      <math formula="CAN_NODE0_LLE_INT_EN"><action event="changed" cmd="setDef" data="CAN_NODE0_LLE_INT_BOX.visible=CAN_NODE0_LLE_INT_EN"/></math>
      <math formula="CAN_NODE0_LOE_INT_EN"><action event="changed" cmd="setDef" data="CAN_NODE0_LOE_INT_BOX.visible=CAN_NODE0_LOE_INT_EN"/></math>
      <math formula="CAN_NODE0_CFCOV_INT_EN"><action event="changed" cmd="setDef" data="CAN_NODE0_CFCOV_INT_BOX.visible=CAN_NODE0_CFCOV_INT_EN"/></math>
      <math formula="CAN_MSG0_TXPND_INT_EN"><action event="changed" cmd="setDef" data="CAN_MSG0_TXPND_INT_BOX.visible=CAN_MSG0_TXPND_INT_EN"/></math>
      <math formula="CAN_MSG0_RXPND_INT_EN"><action event="changed" cmd="setDef" data="CAN_MSG0_RXPND_INT_BOX.visible=CAN_MSG0_RXPND_INT_EN"/></math>
      <math formula="CAN_MSG0_FIFO_OVF_INT_EN"><action event="changed" cmd="setDef" data="CAN_MSG0_FIFO_OVF_INT_BOX.visible=CAN_MSG0_FIFO_OVF_INT_EN"/></math>
      <math formula=""><action event="changed" cmd="setDef" data="BOX.visible="/></math>
      <math formula=""><action event="changed" cmd="setDef" data="BOX.visible="/></math>
      <math formula=""><action event="changed" cmd="setDef" data="BOX.visible="/></math>
      <math formula=""><action event="changed" cmd="setDef" data="BOX.visible="/></math>
      <math formula=""><action event="changed" cmd="setDef" data="BOX.visible="/></math>
      <math formula=""><action event="changed" cmd="setDef" data="BOX.visible="/></math>
      <math formula=""><action event="changed" cmd="setDef" data="BOX.visible="/></math>
      <math formula=""><action event="changed" cmd="setDef" data="BOX.visible="/></math>
      <math formula=""><action event="changed" cmd="setDef" data="BOX.visible="/></math>
      <math formula=""><action event="changed" cmd="setDef" data="BOX.visible="/></math>
      <math formula=""><action event="changed" cmd="setDef" data="BOX.visible="/></math>
      <math formula=""><action event="changed" cmd="setDef" data="BOX.visible="/></math>
      <math formula=""><action event="changed" cmd="setDef" data="BOX.visible="/></math>
      <math formula=""><action event="changed" cmd="setDef" data="BOX.visible="/></math>
      <math formula=""><action event="changed" cmd="setDef" data="BOX.visible="/></math>
      <math formula=""><action event="changed" cmd="setDef" data="BOX.visible="/></math>
      <math formula=""><action event="changed" cmd="setDef" data="BOX.visible="/></math>
      <math formula=""><action event="changed" cmd="setDef" data="BOX.visible="/></math>
      <math formula=""><action event="changed" cmd="setDef" data="BOX.visible="/></math>
      <math formula=""><action event="changed" cmd="setDef" data="BOX.visible="/></math>
      <math formula=""><action event="changed" cmd="setDef" data="BOX.visible="/></math>
      <math formula=""><action event="changed" cmd="setDef" data="BOX.visible="/></math>
      <math formula=""><action event="changed" cmd="setDef" data="BOX.visible="/></math>
      <math formula=""><action event="changed" cmd="setDef" data="BOX.visible="/></math>
      <math formula=""><action event="changed" cmd="setDef" data="BOX.visible="/></math>
      <math formula=""><action event="changed" cmd="setDef" data="BOX.visible="/></math>
      <math formula=""><action event="changed" cmd="setDef" data="BOX.visible="/></math>
      <math formula=""><action event="changed" cmd="setDef" data="BOX.visible="/></math>
      <math formula=""><action event="changed" cmd="setDef" data="BOX.visible="/></math>
      <math formula=""><action event="changed" cmd="setDef" data="BOX.visible="/></math>
      <math formula=""><action event="changed" cmd="setDef" data="BOX.visible="/></math>
      <math formula=""><action event="changed" cmd="setDef" data="BOX.visible="/></math>
      <math formula=""><action event="changed" cmd="setDef" data="BOX.visible="/></math>
      <math formula=""><action event="changed" cmd="setDef" data="BOX.visible="/></math>
      <math formula=""><action event="changed" cmd="setDef" data="BOX.visible="/></math>
      <math formula=""><action event="changed" cmd="setDef" data="BOX.visible="/></math>
      <math formula=""><action event="changed" cmd="setDef" data="BOX.visible="/></math>
      <math formula=""><action event="changed" cmd="setDef" data="BOX.visible="/></math>
      <math formula=""><action event="changed" cmd="setDef" data="BOX.visible="/></math>
      <math formula=""><action event="changed" cmd="setDef" data="BOX.visible="/></math>
      <math formula=""><action event="changed" cmd="setDef" data="BOX.visible="/></math>
      <math formula=""><action event="changed" cmd="setDef" data="BOX.visible="/></math>
      <math formula=""><action event="changed" cmd="setDef" data="BOX.visible="/></math>
      <math formula=""><action event="changed" cmd="setDef" data="BOX.visible="/></math>
      <math formula=""><action event="changed" cmd="setDef" data="BOX.visible="/></math>
      <math formula=""><action event="changed" cmd="setDef" data="BOX.visible="/></math>
      <math formula=""><action event="changed" cmd="setDef" data="BOX.visible="/></math>
      <math formula=""><action event="changed" cmd="setDef" data="BOX.visible="/></math>
      <math formula=""><action event="changed" cmd="setDef" data="BOX.visible="/></math>
      <math formula=""><action event="changed" cmd="setDef" data="BOX.visible="/></math>
      <math formula=""><action event="changed" cmd="setDef" data="BOX.visible="/></math>
      <math formula=""><action event="changed" cmd="setDef" data="BOX.visible="/></math>
      <math formula=""><action event="changed" cmd="setDef" data="BOX.visible="/></math>
      <math formula=""><action event="changed" cmd="setDef" data="BOX.visible="/></math>
      <math formula=""><action event="changed" cmd="setDef" data="BOX.visible="/></math>
      <math formula=""><action event="changed" cmd="setDef" data="BOX.visible="/></math>
      <math formula=""><action event="changed" cmd="setDef" data="BOX.visible="/></math>
      <math formula=""><action event="changed" cmd="setDef" data="BOX.visible="/></math>
      <math formula=""><action event="changed" cmd="setDef" data="BOX.visible="/></math>
      <math formula=""><action event="changed" cmd="setDef" data="BOX.visible="/></math>
      <math formula=""><action event="changed" cmd="setDef" data="BOX.visible="/></math>
      <math formula=""><action event="changed" cmd="setDef" data="BOX.visible="/></math>
      <math formula=""><action event="changed" cmd="setDef" data="BOX.visible="/></math>
      <math formula=""><action event="changed" cmd="setDef" data="BOX.visible="/></math>
      <math formula=""><action event="changed" cmd="setDef" data="BOX.visible="/></math>
      <math formula=""><action event="changed" cmd="setDef" data="BOX.visible="/></math>
      <math formula=""><action event="changed" cmd="setDef" data="BOX.visible="/></math>
      <math formula=""><action event="changed" cmd="setDef" data="BOX.visible="/></math>
      <math formula=""><action event="changed" cmd="setDef" data="BOX.visible="/></math>
      <math formula=""><action event="changed" cmd="setDef" data="BOX.visible="/></math>
      <math formula=""><action event="changed" cmd="setDef" data="BOX.visible="/></math>
      <math formula=""><action event="changed" cmd="setDef" data="BOX.visible="/></math>
      <math formula=""><action event="changed" cmd="setDef" data="BOX.visible="/></math>
      <math formula=""><action event="changed" cmd="setDef" data="BOX.visible="/></math>
      <math formula=""><action event="changed" cmd="setDef" data="BOX.visible="/></math>
      <math formula=""><action event="changed" cmd="setDef" data="BOX.visible="/></math>
      <math formula=""><action event="changed" cmd="setDef" data="BOX.visible="/></math>
      <math formula=""><action event="changed" cmd="setDef" data="BOX.visible="/></math>
      <math formula=""><action event="changed" cmd="setDef" data="BOX.visible="/></math>
      <math formula=""><action event="changed" cmd="setDef" data="BOX.visible="/></math>
      <math formula=""><action event="changed" cmd="setDef" data="BOX.visible="/></math>
      <math formula=""><action event="changed" cmd="setDef" data="BOX.visible="/></math>
      <math formula=""><action event="changed" cmd="setDef" data="BOX.visible="/></math>
      <math formula=""><action event="changed" cmd="setDef" data="BOX.visible="/></math>
      <math formula=""><action event="changed" cmd="setDef" data="BOX.visible="/></math>
      <math formula=""><action event="changed" cmd="setDef" data="BOX.visible="/></math>
      <math formula=""><action event="changed" cmd="setDef" data="BOX.visible="/></math>
      <math formula=""><action event="changed" cmd="setDef" data="BOX.visible="/></math>
      <math formula=""><action event="changed" cmd="setDef" data="BOX.visible="/></math>
      <math formula=""><action event="changed" cmd="setDef" data="BOX.visible="/></math>
      <math formula=""><action event="changed" cmd="setDef" data="BOX.visible="/></math>
      <math formula=""><action event="changed" cmd="setDef" data="BOX.visible="/></math>
      <math formula=""><action event="changed" cmd="setDef" data="BOX.visible="/></math>
    </verticalcontainer> <!-- Timer and Math -->
    <verticalcontainer label="Interrupt Overview ">
      <horizontalcontainer>
        <text size="200;-1" label="Interrupt"/>
        <text size="75;-1" label="Int. Node"/>
        <text size="75;-1" label="Enable"/>
        <text size="400;-1" label="Callback function"/>
      </horizontalcontainer>
      <horizontalcontainer define="CAN_NODE0_TXOK_INT_BOX" visible="false">
        <text size="200;-1" label="CAN Node 0 Interrupt: TXOK (Transmit ok)"/>
        <math size="75;-1" formula="CANCONTR.CAN.NIPR0_TRINP+26"/>
        <math size="75;-1" formula="CANCONTR.CAN_NCR0.TXIE"/>
        <edit size="400;-1" define="RO_CAN_NODE0_TXOK_CALLBACK" svd="0" readonly="1" default=""/>
      </horizontalcontainer>
      <horizontalcontainer define="CAN_NODE0_RXOK_INT_BOX" visible="false">
        <text size="200;-1" label="CAN Node 0 Interrupt: RXOK (Reveice ok)"/>
        <math size="75;-1" formula="CANCONTR.CAN.NIPR0_TRINP+26"/>
        <math size="75;-1" formula="CANCONTR.CAN_NCR0.TXIE"/>
        <edit size="400;-1" define="RO_CAN_NODE0_RXOK_CALLBACK" svd="0" readonly="1" default=""/>
      </horizontalcontainer>
      <horizontalcontainer define="CAN_NODE0_LEC_INT_BOX" visible="false">
        <text size="200;-1" label="CAN Node 0 Interrupt: LEC (Last Error Code)"/>
        <math size="75;-1" formula="CANCONTR.CAN.NIPR0_LECINP+26"/>
        <math size="75;-1" formula="CANCONTR.CAN_NCR0.LECIE"/>
        <edit size="400;-1" define="RO_CAN_NODE0_LEC_CALLBACK" svd="0" readonly="1" default=""/>
      </horizontalcontainer>
      <horizontalcontainer define="CAN_NODE0_EWRN_INT_BOX" visible="false">
        <text size="200;-1" label="CAN Node 0 Interrupt: EWRN (Error Warning)"/>
        <math size="75;-1" formula="CANCONTR.CAN.NIPR0_ALINP+26"/>
        <math size="75;-1" formula="CANCONTR.CAN_NCR0.ALIE"/>
        <edit size="400;-1" define="RO_CAN_NODE0_EWRN_CALLBACK" svd="0" readonly="1" default=""/>
      </horizontalcontainer>
      <horizontalcontainer define="CAN_NODE0_BOFF_INT_BOX" visible="false">
        <text size="200;-1" label="CAN Node 0 Interrupt: BOFF (Bus Off)"/>
        <math size="75;-1" formula="CANCONTR.CAN.NIPR0_ALINP+26"/>
        <math size="75;-1" formula="CANCONTR.CAN_NCR0.ALIE"/>
        <edit size="400;-1" define="RO_CAN_NODE0_BOFF_CALLBACK" svd="0" readonly="1" default=""/>
      </horizontalcontainer>
      <horizontalcontainer define="CAN_NODE0_LLE_INT_BOX" visible="false">
        <text size="200;-1" label="CAN Node 0 Interrupt: LLE (List Length Error)"/>
        <math size="75;-1" formula="CANCONTR.CAN.NIPR0_ALINP+26"/>
        <math size="75;-1" formula="CANCONTR.CAN_NCR0.ALIE"/>
        <edit size="400;-1" define="RO_CAN_NODE0_LLE_CALLBACK" svd="0" readonly="1" default=""/>
      </horizontalcontainer>
      <horizontalcontainer define="CAN_NODE0_LOE_INT_BOX" visible="false">
        <text size="200;-1" label="CAN Node 0 Interrupt: LOE (List Obcect Error)"/>
        <math size="75;-1" formula="CANCONTR.CAN.NIPR0_ALINP+26"/>
        <math size="75;-1" formula="CANCONTR.CAN_NCR0.ALIE"/>
        <edit size="400;-1" define="RO_CAN_NODE0_LOE_CALLBACK" svd="0" readonly="1" default=""/>
      </horizontalcontainer>
      <horizontalcontainer define="CAN_NODE0_CFCOV_INT_BOX" visible="false">
        <text size="200;-1" label="CAN Node 0 Interrupt: CFCOV (CAN Frame Counter Overflow)"/>
        <math size="75;-1" formula="CANCONTR.CAN.NIPR0_CFCINP+26"/>
        <math size="75;-1" formula="CANCONTR.CAN_NFCR0.CFCIE"/>
        <edit size="400;-1" define="RO_CAN_NODE0_CFCOV_CALLBACK" svd="0" readonly="1" default=""/>
      </horizontalcontainer>
      <horizontalcontainer define="CAN_MSG0_TXPND_INT_BOX" visible="false">
        <text size="200;-1" label="CAN Message 0 Interrupt: TXPND (Message Transmitted)"/>
        <math size="75;-1" formula="CANCONTR.CAN.MOIPR0_TXINP+26"/>
        <math size="75;-1" formula="CANCONTR.CAN_MOFCRn.TXIE"/>
        <edit size="400;-1" define="RO_CAN_MSG0_TXPND_CALLBACK" svd="0" readonly="1" default=""/>
      </horizontalcontainer>
      <horizontalcontainer define="CAN_MSG0_RXPND_INT_BOX" visible="false">
        <text size="200;-1" label="CAN Message 0 Interrupt: RXPND (Message Received)"/>
        <math size="75;-1" formula="CANCONTR.CAN.MOIPR0_RXINP+26"/>
        <math size="75;-1" formula="CANCONTR.CAN_MOFCRn.RXIE"/>
        <edit size="400;-1" define="RO_CAN_MSG0_RXPND_CALLBACK" svd="0" readonly="1" default=""/>
      </horizontalcontainer>
      <horizontalcontainer define="CAN_MSG0_FIFO_OVF_INT_BOX" visible="false">
        <text size="200;-1" label="CAN Message 0 Interrupt: (FIFO Buffer full)"/>
        <math size="75;-1" formula="depends on MMC+26"/>
        <math size="75;-1" formula="depends on MMC and bit CANCONTR.CAN_MOFCRn.OVIE "/>
        <edit size="400;-1" define="RO_CAN_MSG0_FIFO_OVF_CALLBACK" svd="0" readonly="1" default=""/>
      </horizontalcontainer>
      <horizontalcontainer define="BOX" visible="false">
        <text size="200;-1" label="Message 1"/>
        <math size="75;-1" formula="+26"/>
        <math size="75;-1" formula=""/>
        <edit size="400;-1" define="RO_" svd="0" readonly="1" default=""/>
      </horizontalcontainer>
      <horizontalcontainer define="BOX" visible="false">
        <text size="200;-1" label="Message 1"/>
        <math size="75;-1" formula="+26"/>
        <math size="75;-1" formula=""/>
        <edit size="400;-1" define="RO_" svd="0" readonly="1" default=""/>
      </horizontalcontainer>
      <horizontalcontainer define="BOX" visible="false">
        <text size="200;-1" label="Message 1"/>
        <math size="75;-1" formula="+26"/>
        <math size="75;-1" formula=""/>
        <edit size="400;-1" define="RO_" svd="0" readonly="1" default=""/>
      </horizontalcontainer>
      <horizontalcontainer define="BOX" visible="false">
        <text size="200;-1" label="Message 2"/>
        <math size="75;-1" formula="+26"/>
        <math size="75;-1" formula=""/>
        <edit size="400;-1" define="RO_" svd="0" readonly="1" default=""/>
      </horizontalcontainer>
      <horizontalcontainer define="BOX" visible="false">
        <text size="200;-1" label="Message 2"/>
        <math size="75;-1" formula="+26"/>
        <math size="75;-1" formula=""/>
        <edit size="400;-1" define="RO_" svd="0" readonly="1" default=""/>
      </horizontalcontainer>
      <horizontalcontainer define="BOX" visible="false">
        <text size="200;-1" label="Message 2"/>
        <math size="75;-1" formula="+26"/>
        <math size="75;-1" formula=""/>
        <edit size="400;-1" define="RO_" svd="0" readonly="1" default=""/>
      </horizontalcontainer>
      <horizontalcontainer define="BOX" visible="false">
        <text size="200;-1" label="Message 3"/>
        <math size="75;-1" formula="+26"/>
        <math size="75;-1" formula=""/>
        <edit size="400;-1" define="RO_" svd="0" readonly="1" default=""/>
      </horizontalcontainer>
      <horizontalcontainer define="BOX" visible="false">
        <text size="200;-1" label="Message 3"/>
        <math size="75;-1" formula="+26"/>
        <math size="75;-1" formula=""/>
        <edit size="400;-1" define="RO_" svd="0" readonly="1" default=""/>
      </horizontalcontainer>
      <horizontalcontainer define="BOX" visible="false">
        <text size="200;-1" label="Message 3"/>
        <math size="75;-1" formula="+26"/>
        <math size="75;-1" formula=""/>
        <edit size="400;-1" define="RO_" svd="0" readonly="1" default=""/>
      </horizontalcontainer>
      <horizontalcontainer define="BOX" visible="false">
        <text size="200;-1" label="Message 4"/>
        <math size="75;-1" formula="+26"/>
        <math size="75;-1" formula=""/>
        <edit size="400;-1" define="RO_" svd="0" readonly="1" default=""/>
      </horizontalcontainer>
      <horizontalcontainer define="BOX" visible="false">
        <text size="200;-1" label="Message 4"/>
        <math size="75;-1" formula="+26"/>
        <math size="75;-1" formula=""/>
        <edit size="400;-1" define="RO_" svd="0" readonly="1" default=""/>
      </horizontalcontainer>
      <horizontalcontainer define="BOX" visible="false">
        <text size="200;-1" label="Message 4"/>
        <math size="75;-1" formula="+26"/>
        <math size="75;-1" formula=""/>
        <edit size="400;-1" define="RO_" svd="0" readonly="1" default=""/>
      </horizontalcontainer>
      <horizontalcontainer define="BOX" visible="false">
        <text size="200;-1" label="Message 5"/>
        <math size="75;-1" formula="+26"/>
        <math size="75;-1" formula=""/>
        <edit size="400;-1" define="RO_" svd="0" readonly="1" default=""/>
      </horizontalcontainer>
      <horizontalcontainer define="BOX" visible="false">
        <text size="200;-1" label="Message 5"/>
        <math size="75;-1" formula="+26"/>
        <math size="75;-1" formula=""/>
        <edit size="400;-1" define="RO_" svd="0" readonly="1" default=""/>
      </horizontalcontainer>
      <horizontalcontainer define="BOX" visible="false">
        <text size="200;-1" label="Message 5"/>
        <math size="75;-1" formula="+26"/>
        <math size="75;-1" formula=""/>
        <edit size="400;-1" define="RO_" svd="0" readonly="1" default=""/>
      </horizontalcontainer>
      <horizontalcontainer define="BOX" visible="false">
        <text size="200;-1" label="Message 6"/>
        <math size="75;-1" formula="+26"/>
        <math size="75;-1" formula=""/>
        <edit size="400;-1" define="RO_" svd="0" readonly="1" default=""/>
      </horizontalcontainer>
      <horizontalcontainer define="BOX" visible="false">
        <text size="200;-1" label="Message 6"/>
        <math size="75;-1" formula="+26"/>
        <math size="75;-1" formula=""/>
        <edit size="400;-1" define="RO_" svd="0" readonly="1" default=""/>
      </horizontalcontainer>
      <horizontalcontainer define="BOX" visible="false">
        <text size="200;-1" label="Message 6"/>
        <math size="75;-1" formula="+26"/>
        <math size="75;-1" formula=""/>
        <edit size="400;-1" define="RO_" svd="0" readonly="1" default=""/>
      </horizontalcontainer>
      <horizontalcontainer define="BOX" visible="false">
        <text size="200;-1" label="Message 7"/>
        <math size="75;-1" formula="+26"/>
        <math size="75;-1" formula=""/>
        <edit size="400;-1" define="RO_" svd="0" readonly="1" default=""/>
      </horizontalcontainer>
      <horizontalcontainer define="BOX" visible="false">
        <text size="200;-1" label="Message 7"/>
        <math size="75;-1" formula="+26"/>
        <math size="75;-1" formula=""/>
        <edit size="400;-1" define="RO_" svd="0" readonly="1" default=""/>
      </horizontalcontainer>
      <horizontalcontainer define="BOX" visible="false">
        <text size="200;-1" label="Message 7"/>
        <math size="75;-1" formula="+26"/>
        <math size="75;-1" formula=""/>
        <edit size="400;-1" define="RO_" svd="0" readonly="1" default=""/>
      </horizontalcontainer>
      <horizontalcontainer define="BOX" visible="false">
        <text size="200;-1" label="Message 8"/>
        <math size="75;-1" formula="+26"/>
        <math size="75;-1" formula=""/>
        <edit size="400;-1" define="RO_" svd="0" readonly="1" default=""/>
      </horizontalcontainer>
      <horizontalcontainer define="BOX" visible="false">
        <text size="200;-1" label="Message 8"/>
        <math size="75;-1" formula="+26"/>
        <math size="75;-1" formula=""/>
        <edit size="400;-1" define="RO_" svd="0" readonly="1" default=""/>
      </horizontalcontainer>
      <horizontalcontainer define="BOX" visible="false">
        <text size="200;-1" label="Message 8"/>
        <math size="75;-1" formula="+26"/>
        <math size="75;-1" formula=""/>
        <edit size="400;-1" define="RO_" svd="0" readonly="1" default=""/>
      </horizontalcontainer>
      <horizontalcontainer define="BOX" visible="false">
        <text size="200;-1" label="Message 9"/>
        <math size="75;-1" formula="+26"/>
        <math size="75;-1" formula=""/>
        <edit size="400;-1" define="RO_" svd="0" readonly="1" default=""/>
      </horizontalcontainer>
      <horizontalcontainer define="BOX" visible="false">
        <text size="200;-1" label="Message 9"/>
        <math size="75;-1" formula="+26"/>
        <math size="75;-1" formula=""/>
        <edit size="400;-1" define="RO_" svd="0" readonly="1" default=""/>
      </horizontalcontainer>
      <horizontalcontainer define="BOX" visible="false">
        <text size="200;-1" label="Message 9"/>
        <math size="75;-1" formula="+26"/>
        <math size="75;-1" formula=""/>
        <edit size="400;-1" define="RO_" svd="0" readonly="1" default=""/>
      </horizontalcontainer>
      <horizontalcontainer define="BOX" visible="false">
        <text size="200;-1" label="Message 10"/>
        <math size="75;-1" formula="+26"/>
        <math size="75;-1" formula=""/>
        <edit size="400;-1" define="RO_" svd="0" readonly="1" default=""/>
      </horizontalcontainer>
      <horizontalcontainer define="BOX" visible="false">
        <text size="200;-1" label="Message 10"/>
        <math size="75;-1" formula="+26"/>
        <math size="75;-1" formula=""/>
        <edit size="400;-1" define="RO_" svd="0" readonly="1" default=""/>
      </horizontalcontainer>
      <horizontalcontainer define="BOX" visible="false">
        <text size="200;-1" label="Message 10"/>
        <math size="75;-1" formula="+26"/>
        <math size="75;-1" formula=""/>
        <edit size="400;-1" define="RO_" svd="0" readonly="1" default=""/>
      </horizontalcontainer>
      <horizontalcontainer define="BOX" visible="false">
        <text size="200;-1" label="Message 11"/>
        <math size="75;-1" formula="+26"/>
        <math size="75;-1" formula=""/>
        <edit size="400;-1" define="RO_" svd="0" readonly="1" default=""/>
      </horizontalcontainer>
      <horizontalcontainer define="BOX" visible="false">
        <text size="200;-1" label="Message 11"/>
        <math size="75;-1" formula="+26"/>
        <math size="75;-1" formula=""/>
        <edit size="400;-1" define="RO_" svd="0" readonly="1" default=""/>
      </horizontalcontainer>
      <horizontalcontainer define="BOX" visible="false">
        <text size="200;-1" label="Message 11"/>
        <math size="75;-1" formula="+26"/>
        <math size="75;-1" formula=""/>
        <edit size="400;-1" define="RO_" svd="0" readonly="1" default=""/>
      </horizontalcontainer>
      <horizontalcontainer define="BOX" visible="false">
        <text size="200;-1" label="Message 12"/>
        <math size="75;-1" formula="+26"/>
        <math size="75;-1" formula=""/>
        <edit size="400;-1" define="RO_" svd="0" readonly="1" default=""/>
      </horizontalcontainer>
      <horizontalcontainer define="BOX" visible="false">
        <text size="200;-1" label="Message 12"/>
        <math size="75;-1" formula="+26"/>
        <math size="75;-1" formula=""/>
        <edit size="400;-1" define="RO_" svd="0" readonly="1" default=""/>
      </horizontalcontainer>
      <horizontalcontainer define="BOX" visible="false">
        <text size="200;-1" label="Message 12"/>
        <math size="75;-1" formula="+26"/>
        <math size="75;-1" formula=""/>
        <edit size="400;-1" define="RO_" svd="0" readonly="1" default=""/>
      </horizontalcontainer>
      <horizontalcontainer define="BOX" visible="false">
        <text size="200;-1" label="Message 13"/>
        <math size="75;-1" formula="+26"/>
        <math size="75;-1" formula=""/>
        <edit size="400;-1" define="RO_" svd="0" readonly="1" default=""/>
      </horizontalcontainer>
      <horizontalcontainer define="BOX" visible="false">
        <text size="200;-1" label="Message 13"/>
        <math size="75;-1" formula="+26"/>
        <math size="75;-1" formula=""/>
        <edit size="400;-1" define="RO_" svd="0" readonly="1" default=""/>
      </horizontalcontainer>
      <horizontalcontainer define="BOX" visible="false">
        <text size="200;-1" label="Message 13"/>
        <math size="75;-1" formula="+26"/>
        <math size="75;-1" formula=""/>
        <edit size="400;-1" define="RO_" svd="0" readonly="1" default=""/>
      </horizontalcontainer>
      <horizontalcontainer define="BOX" visible="false">
        <text size="200;-1" label="Message 14"/>
        <math size="75;-1" formula="+26"/>
        <math size="75;-1" formula=""/>
        <edit size="400;-1" define="RO_" svd="0" readonly="1" default=""/>
      </horizontalcontainer>
      <horizontalcontainer define="BOX" visible="false">
        <text size="200;-1" label="Message 14"/>
        <math size="75;-1" formula="+26"/>
        <math size="75;-1" formula=""/>
        <edit size="400;-1" define="RO_" svd="0" readonly="1" default=""/>
      </horizontalcontainer>
      <horizontalcontainer define="BOX" visible="false">
        <text size="200;-1" label="Message 14"/>
        <math size="75;-1" formula="+26"/>
        <math size="75;-1" formula=""/>
        <edit size="400;-1" define="RO_" svd="0" readonly="1" default=""/>
      </horizontalcontainer>
      <horizontalcontainer define="BOX" visible="false">
        <text size="200;-1" label="Message 15"/>
        <math size="75;-1" formula="+26"/>
        <math size="75;-1" formula=""/>
        <edit size="400;-1" define="RO_" svd="0" readonly="1" default=""/>
      </horizontalcontainer>
      <horizontalcontainer define="BOX" visible="false">
        <text size="200;-1" label="Message 15"/>
        <math size="75;-1" formula="+26"/>
        <math size="75;-1" formula=""/>
        <edit size="400;-1" define="RO_" svd="0" readonly="1" default=""/>
      </horizontalcontainer>
      <horizontalcontainer define="BOX" visible="false">
        <text size="200;-1" label="Message 15"/>
        <math size="75;-1" formula="+26"/>
        <math size="75;-1" formula=""/>
        <edit size="400;-1" define="RO_" svd="0" readonly="1" default=""/>
      </horizontalcontainer>
      <horizontalcontainer define="BOX" visible="false">
        <text size="200;-1" label="Message 16"/>
        <math size="75;-1" formula="+26"/>
        <math size="75;-1" formula=""/>
        <edit size="400;-1" define="RO_" svd="0" readonly="1" default=""/>
      </horizontalcontainer>
      <horizontalcontainer define="BOX" visible="false">
        <text size="200;-1" label="Message 16"/>
        <math size="75;-1" formula="+26"/>
        <math size="75;-1" formula=""/>
        <edit size="400;-1" define="RO_" svd="0" readonly="1" default=""/>
      </horizontalcontainer>
      <horizontalcontainer define="BOX" visible="false">
        <text size="200;-1" label="Message 16"/>
        <math size="75;-1" formula="+26"/>
        <math size="75;-1" formula=""/>
        <edit size="400;-1" define="RO_" svd="0" readonly="1" default=""/>
      </horizontalcontainer>
      <horizontalcontainer define="BOX" visible="false">
        <text size="200;-1" label="Message 17"/>
        <math size="75;-1" formula="+26"/>
        <math size="75;-1" formula=""/>
        <edit size="400;-1" define="RO_" svd="0" readonly="1" default=""/>
      </horizontalcontainer>
      <horizontalcontainer define="BOX" visible="false">
        <text size="200;-1" label="Message 17"/>
        <math size="75;-1" formula="+26"/>
        <math size="75;-1" formula=""/>
        <edit size="400;-1" define="RO_" svd="0" readonly="1" default=""/>
      </horizontalcontainer>
      <horizontalcontainer define="BOX" visible="false">
        <text size="200;-1" label="Message 17"/>
        <math size="75;-1" formula="+26"/>
        <math size="75;-1" formula=""/>
        <edit size="400;-1" define="RO_" svd="0" readonly="1" default=""/>
      </horizontalcontainer>
      <horizontalcontainer define="BOX" visible="false">
        <text size="200;-1" label="Message 18"/>
        <math size="75;-1" formula="+26"/>
        <math size="75;-1" formula=""/>
        <edit size="400;-1" define="RO_" svd="0" readonly="1" default=""/>
      </horizontalcontainer>
      <horizontalcontainer define="BOX" visible="false">
        <text size="200;-1" label="Message 18"/>
        <math size="75;-1" formula="+26"/>
        <math size="75;-1" formula=""/>
        <edit size="400;-1" define="RO_" svd="0" readonly="1" default=""/>
      </horizontalcontainer>
      <horizontalcontainer define="BOX" visible="false">
        <text size="200;-1" label="Message 18"/>
        <math size="75;-1" formula="+26"/>
        <math size="75;-1" formula=""/>
        <edit size="400;-1" define="RO_" svd="0" readonly="1" default=""/>
      </horizontalcontainer>
      <horizontalcontainer define="BOX" visible="false">
        <text size="200;-1" label="Message 19"/>
        <math size="75;-1" formula="+26"/>
        <math size="75;-1" formula=""/>
        <edit size="400;-1" define="RO_" svd="0" readonly="1" default=""/>
      </horizontalcontainer>
      <horizontalcontainer define="BOX" visible="false">
        <text size="200;-1" label="Message 19"/>
        <math size="75;-1" formula="+26"/>
        <math size="75;-1" formula=""/>
        <edit size="400;-1" define="RO_" svd="0" readonly="1" default=""/>
      </horizontalcontainer>
      <horizontalcontainer define="BOX" visible="false">
        <text size="200;-1" label="Message 19"/>
        <math size="75;-1" formula="+26"/>
        <math size="75;-1" formula=""/>
        <edit size="400;-1" define="RO_" svd="0" readonly="1" default=""/>
      </horizontalcontainer>
      <horizontalcontainer define="BOX" visible="false">
        <text size="200;-1" label="Message 20"/>
        <math size="75;-1" formula="+26"/>
        <math size="75;-1" formula=""/>
        <edit size="400;-1" define="RO_" svd="0" readonly="1" default=""/>
      </horizontalcontainer>
      <horizontalcontainer define="BOX" visible="false">
        <text size="200;-1" label="Message 20"/>
        <math size="75;-1" formula="+26"/>
        <math size="75;-1" formula=""/>
        <edit size="400;-1" define="RO_" svd="0" readonly="1" default=""/>
      </horizontalcontainer>
      <horizontalcontainer define="BOX" visible="false">
        <text size="200;-1" label="Message 20"/>
        <math size="75;-1" formula="+26"/>
        <math size="75;-1" formula=""/>
        <edit size="400;-1" define="RO_" svd="0" readonly="1" default=""/>
      </horizontalcontainer>
      <horizontalcontainer define="BOX" visible="false">
        <text size="200;-1" label="Message 21"/>
        <math size="75;-1" formula="+26"/>
        <math size="75;-1" formula=""/>
        <edit size="400;-1" define="RO_" svd="0" readonly="1" default=""/>
      </horizontalcontainer>
      <horizontalcontainer define="BOX" visible="false">
        <text size="200;-1" label="Message 21"/>
        <math size="75;-1" formula="+26"/>
        <math size="75;-1" formula=""/>
        <edit size="400;-1" define="RO_" svd="0" readonly="1" default=""/>
      </horizontalcontainer>
      <horizontalcontainer define="BOX" visible="false">
        <text size="200;-1" label="Message 21"/>
        <math size="75;-1" formula="+26"/>
        <math size="75;-1" formula=""/>
        <edit size="400;-1" define="RO_" svd="0" readonly="1" default=""/>
      </horizontalcontainer>
      <horizontalcontainer define="BOX" visible="false">
        <text size="200;-1" label="Message 22"/>
        <math size="75;-1" formula="+26"/>
        <math size="75;-1" formula=""/>
        <edit size="400;-1" define="RO_" svd="0" readonly="1" default=""/>
      </horizontalcontainer>
      <horizontalcontainer define="BOX" visible="false">
        <text size="200;-1" label="Message 22"/>
        <math size="75;-1" formula="+26"/>
        <math size="75;-1" formula=""/>
        <edit size="400;-1" define="RO_" svd="0" readonly="1" default=""/>
      </horizontalcontainer>
      <horizontalcontainer define="BOX" visible="false">
        <text size="200;-1" label="Message 22"/>
        <math size="75;-1" formula="+26"/>
        <math size="75;-1" formula=""/>
        <edit size="400;-1" define="RO_" svd="0" readonly="1" default=""/>
      </horizontalcontainer>
      <horizontalcontainer define="BOX" visible="false">
        <text size="200;-1" label="Message 23"/>
        <math size="75;-1" formula="+26"/>
        <math size="75;-1" formula=""/>
        <edit size="400;-1" define="RO_" svd="0" readonly="1" default=""/>
      </horizontalcontainer>
      <horizontalcontainer define="BOX" visible="false">
        <text size="200;-1" label="Message 23"/>
        <math size="75;-1" formula="+26"/>
        <math size="75;-1" formula=""/>
        <edit size="400;-1" define="RO_" svd="0" readonly="1" default=""/>
      </horizontalcontainer>
      <horizontalcontainer define="BOX" visible="false">
        <text size="200;-1" label="Message 23"/>
        <math size="75;-1" formula="+26"/>
        <math size="75;-1" formula=""/>
        <edit size="400;-1" define="RO_" svd="0" readonly="1" default=""/>
      </horizontalcontainer>
      <horizontalcontainer define="BOX" visible="false">
        <text size="200;-1" label="Message 24"/>
        <math size="75;-1" formula="+26"/>
        <math size="75;-1" formula=""/>
        <edit size="400;-1" define="RO_" svd="0" readonly="1" default=""/>
      </horizontalcontainer>
      <horizontalcontainer define="BOX" visible="false">
        <text size="200;-1" label="Message 24"/>
        <math size="75;-1" formula="+26"/>
        <math size="75;-1" formula=""/>
        <edit size="400;-1" define="RO_" svd="0" readonly="1" default=""/>
      </horizontalcontainer>
      <horizontalcontainer define="BOX" visible="false">
        <text size="200;-1" label="Message 24"/>
        <math size="75;-1" formula="+26"/>
        <math size="75;-1" formula=""/>
        <edit size="400;-1" define="RO_" svd="0" readonly="1" default=""/>
      </horizontalcontainer>
      <horizontalcontainer define="BOX" visible="false">
        <text size="200;-1" label="Message 25"/>
        <math size="75;-1" formula="+26"/>
        <math size="75;-1" formula=""/>
        <edit size="400;-1" define="RO_" svd="0" readonly="1" default=""/>
      </horizontalcontainer>
      <horizontalcontainer define="BOX" visible="false">
        <text size="200;-1" label="Message 25"/>
        <math size="75;-1" formula="+26"/>
        <math size="75;-1" formula=""/>
        <edit size="400;-1" define="RO_" svd="0" readonly="1" default=""/>
      </horizontalcontainer>
      <horizontalcontainer define="BOX" visible="false">
        <text size="200;-1" label="Message 25"/>
        <math size="75;-1" formula="+26"/>
        <math size="75;-1" formula=""/>
        <edit size="400;-1" define="RO_" svd="0" readonly="1" default=""/>
      </horizontalcontainer>
      <horizontalcontainer define="BOX" visible="false">
        <text size="200;-1" label="Message 26"/>
        <math size="75;-1" formula="+26"/>
        <math size="75;-1" formula=""/>
        <edit size="400;-1" define="RO_" svd="0" readonly="1" default=""/>
      </horizontalcontainer>
      <horizontalcontainer define="BOX" visible="false">
        <text size="200;-1" label="Message 26"/>
        <math size="75;-1" formula="+26"/>
        <math size="75;-1" formula=""/>
        <edit size="400;-1" define="RO_" svd="0" readonly="1" default=""/>
      </horizontalcontainer>
      <horizontalcontainer define="BOX" visible="false">
        <text size="200;-1" label="Message 26"/>
        <math size="75;-1" formula="+26"/>
        <math size="75;-1" formula=""/>
        <edit size="400;-1" define="RO_" svd="0" readonly="1" default=""/>
      </horizontalcontainer>
      <horizontalcontainer define="BOX" visible="false">
        <text size="200;-1" label="Message 27"/>
        <math size="75;-1" formula="+26"/>
        <math size="75;-1" formula=""/>
        <edit size="400;-1" define="RO_" svd="0" readonly="1" default=""/>
      </horizontalcontainer>
      <horizontalcontainer define="BOX" visible="false">
        <text size="200;-1" label="Message 27"/>
        <math size="75;-1" formula="+26"/>
        <math size="75;-1" formula=""/>
        <edit size="400;-1" define="RO_" svd="0" readonly="1" default=""/>
      </horizontalcontainer>
      <horizontalcontainer define="BOX" visible="false">
        <text size="200;-1" label="Message 27"/>
        <math size="75;-1" formula="+26"/>
        <math size="75;-1" formula=""/>
        <edit size="400;-1" define="RO_" svd="0" readonly="1" default=""/>
      </horizontalcontainer>
      <horizontalcontainer define="BOX" visible="false">
        <text size="200;-1" label="Message 28"/>
        <math size="75;-1" formula="+26"/>
        <math size="75;-1" formula=""/>
        <edit size="400;-1" define="RO_" svd="0" readonly="1" default=""/>
      </horizontalcontainer>
      <horizontalcontainer define="BOX" visible="false">
        <text size="200;-1" label="Message 28"/>
        <math size="75;-1" formula="+26"/>
        <math size="75;-1" formula=""/>
        <edit size="400;-1" define="RO_" svd="0" readonly="1" default=""/>
      </horizontalcontainer>
      <horizontalcontainer define="BOX" visible="false">
        <text size="200;-1" label="Message 28"/>
        <math size="75;-1" formula="+26"/>
        <math size="75;-1" formula=""/>
        <edit size="400;-1" define="RO_" svd="0" readonly="1" default=""/>
      </horizontalcontainer>
      <horizontalcontainer define="BOX" visible="false">
        <text size="200;-1" label="Message 29"/>
        <math size="75;-1" formula="+26"/>
        <math size="75;-1" formula=""/>
        <edit size="400;-1" define="RO_" svd="0" readonly="1" default=""/>
      </horizontalcontainer>
      <horizontalcontainer define="BOX" visible="false">
        <text size="200;-1" label="Message 29"/>
        <math size="75;-1" formula="+26"/>
        <math size="75;-1" formula=""/>
        <edit size="400;-1" define="RO_" svd="0" readonly="1" default=""/>
      </horizontalcontainer>
      <horizontalcontainer define="BOX" visible="false">
        <text size="200;-1" label="Message 29"/>
        <math size="75;-1" formula="+26"/>
        <math size="75;-1" formula=""/>
        <edit size="400;-1" define="RO_" svd="0" readonly="1" default=""/>
      </horizontalcontainer>
      <horizontalcontainer define="BOX" visible="false">
        <text size="200;-1" label="Message 30"/>
        <math size="75;-1" formula="+26"/>
        <math size="75;-1" formula=""/>
        <edit size="400;-1" define="RO_" svd="0" readonly="1" default=""/>
      </horizontalcontainer>
      <horizontalcontainer define="BOX" visible="false">
        <text size="200;-1" label="Message 30"/>
        <math size="75;-1" formula="+26"/>
        <math size="75;-1" formula=""/>
        <edit size="400;-1" define="RO_" svd="0" readonly="1" default=""/>
      </horizontalcontainer>
      <horizontalcontainer define="BOX" visible="false">
        <text size="200;-1" label="Message 30"/>
        <math size="75;-1" formula="+26"/>
        <math size="75;-1" formula=""/>
        <edit size="400;-1" define="RO_" svd="0" readonly="1" default=""/>
      </horizontalcontainer>
      <horizontalcontainer define="BOX" visible="false">
        <text size="200;-1" label="Message 31"/>
        <math size="75;-1" formula="+26"/>
        <math size="75;-1" formula=""/>
        <edit size="400;-1" define="RO_" svd="0" readonly="1" default=""/>
      </horizontalcontainer>
      <horizontalcontainer define="BOX" visible="false">
        <text size="200;-1" label="Message 31"/>
        <math size="75;-1" formula="+26"/>
        <math size="75;-1" formula=""/>
        <edit size="400;-1" define="RO_" svd="0" readonly="1" default=""/>
      </horizontalcontainer>
      <horizontalcontainer define="BOX" visible="false">
        <text size="200;-1" label="Message 31"/>
        <math size="75;-1" formula="+26"/>
        <math size="75;-1" formula=""/>
        <edit size="400;-1" define="RO_" svd="0" readonly="1" default=""/>
      </horizontalcontainer>
    </verticalcontainer> <!-- Interrupt Overview -->
  </verticalcontainer>
</ifxmlcfg>

