<?xml version="1.0" encoding="UTF-8" ?>
<!--file template_ssc_mode.xml                                                      -->
<!--brief Embedded Power Modules configuration                                      -->
<!--                                                                                -->
<!--Copyright (c) 2021, Infineon Technologies AG                                    -->
<!--All rights reserved.                                                            -->
<!--                                                                                -->
<!--Redistribution and use in source and binary forms, with or without modification,-->
<!--are permitted provided that the following conditions are met:                   -->
<!--                                                                                -->
<!--  Redistributions of source code must retain the above copyright notice, this   -->
<!--  list of conditions and the following disclaimer.                              -->
<!--                                                                                -->
<!--  Redistributions in binary form must reproduce the above copyright notice,     -->
<!--  this list of conditions and the following disclaimer in the documentation     -->
<!--  and/or other materials provided with the distribution.                        -->
<!--                                                                                -->
<!--  Neither the name of the copyright holders nor the names of its contributors   -->
<!--  may be used to endorse or promote products derived from this software without -->
<!--  specific prior written permission.                                            -->
<!--                                                                                -->
<!--THIS SOFTWARE IS PROVIDED BY THE COPYRIGHT HOLDERS AND CONTRIBUTORS "AS IS" AND -->
<!--ANY EXPRESS OR IMPLIED WARRANTIES, INCLUDING, BUT NOT LIMITED TO, THE IMPLIED   -->
<!--WARRANTIES OF MERCHANTABILITY AND FITNESS FOR A PARTICULAR PURPOSE ARE          -->
<!--DISCLAIMED. IN NO EVENT SHALL THE COPYRIGHT HOLDER OR CONTRIBUTORS BE LIABLE    -->
<!--FOR ANY DIRECT, INDIRECT, INCIDENTAL, SPECIAL, EXEMPLARY, OR CONSEQUENTIAL      -->
<!--DAMAGES (INCLUDING, BUT NOT LIMITED TO, PROCUREMENT OF SUBSTITUTE GOODS OR      -->
<!--SERVICES; LOSS OF USE, DATA, OR PROFITS; OR BUSINESS INTERRUPTION) HOWEVER      -->
<!--CAUSED AND ON ANY THEORY OF LIABILITY, WHETHER IN CONTRACT, STRICT LIABILITY,   -->
<!--OR TORT (INCLUDING NEGLIGENCE OR OTHERWISE) ARISING IN ANY WAY OUT OF THE USE   -->
<!--OF THIS SOFTWARE, EVEN IF ADVISED OF THE POSSIBILITY OF SUCH DAMAGE.            -->
<!--                                                                                -->
<!--********************************************************************************-->
<!--        Infineon Embedded Power Family TLE989x Module Configuration File        -->
<!--********************************************************************************-->
<!--                                                                                -->
<!--********************************************************************************-->
<!--                               Author(s) Identity                               -->
<!--********************************************************************************-->
<!--   Initials     Name                                                            -->
<!--   DM           Daniel Mysliwitz                                                -->
<!--   JO           Julia Ott                                                       -->
<!--   BG           Blandine Guillot                                                -->
<!--********************************************************************************-->
<!--                                                                                -->
<!--********************************************************************************-->
<!--                            Revision Control History                            -->
<!--********************************************************************************-->
<!-- V0.0.1: 2020-09-11, BG:   Initial version                                      -->
<!-- V0.1.0: 2020-09-28, BG:   EP-482: Added doctype and checksum                   -->
<!-- V0.1.1: 2020-10-23, DM:   EP-546: Removed enable from top container            -->
<!-- V0.1.2: 2021-01-27, BG:   EP-677: Corrected module enabling behavior           -->
<!-- V0.1.3: 2021-02-08, BG:   EP-690: Updated CW minimal version to 2.6.2          -->
<!--********************************************************************************-->

<!-- Module Definition -->
<!-- IDX: SSC0, SSC1 -->

<ifxmlcfg version="2.6.2">
  <checksum>f6df02c3fc86c4ff1b4b0941ba01757d3e628bea3eb4eadad3ab5951f0316326</checksum>
  <version label="V0.1.3"/>
  <svd file="tle989x.svd"/>
  <usesPython/>
  <horizontalcontainer label="Module Definition" size="-1;600">
    <header file="ssc_defines.h">

      <!-- MODE -->
      <include IDX="$IDX$">template_ssc_modecfg.xml</include>

      <verticalcontainer>

        <!-- BAUDRATE GENERATION -->
        <include IDX="$IDX$">template_ssc_baudrate.xml</include>

        <!-- PIN SELECT -->
      <include IDX="$IDX$" MODE="SLAVE" MODE_MTSR="Input" MODE_MRST="Output">template_ssc_pinsel.xml</include>
      <include IDX="$IDX$" MODE="MASTER" MODE_MTSR="Output" MODE_MRST="Input">template_ssc_pinsel.xml</include>

      </verticalcontainer>

      <!-- TRANSMIT CONTROL IN MASTER MODE -->
      <include IDX="$IDX$">template_ssc_transmitctrl.xml</include>

      <!-- INTERRUPT -->
      <include IDX="$IDX$">template_ssc_interrupt.xml</include>

    </header>
  </horizontalcontainer>          
</ifxmlcfg>

