<?xml version="1.0" encoding="UTF-8" ?>
<!--file template_ssc_graph.xml                                                     -->
<!--brief Embedded Power Modules configuration                                      -->
<!--                                                                                -->
<!--Copyright (c) 2021, Infineon Technologies AG                                    -->
<!--All rights reserved.                                                            -->
<!--                                                                                -->
<!--Redistribution and use in source and binary forms, with or without modification,-->
<!--are permitted provided that the following conditions are met:                   -->
<!--                                                                                -->
<!--  Redistributions of source code must retain the above copyright notice, this   -->
<!--  list of conditions and the following disclaimer.                              -->
<!--                                                                                -->
<!--  Redistributions in binary form must reproduce the above copyright notice,     -->
<!--  this list of conditions and the following disclaimer in the documentation     -->
<!--  and/or other materials provided with the distribution.                        -->
<!--                                                                                -->
<!--  Neither the name of the copyright holders nor the names of its contributors   -->
<!--  may be used to endorse or promote products derived from this software without -->
<!--  specific prior written permission.                                            -->
<!--                                                                                -->
<!--THIS SOFTWARE IS PROVIDED BY THE COPYRIGHT HOLDERS AND CONTRIBUTORS "AS IS" AND -->
<!--ANY EXPRESS OR IMPLIED WARRANTIES, INCLUDING, BUT NOT LIMITED TO, THE IMPLIED   -->
<!--WARRANTIES OF MERCHANTABILITY AND FITNESS FOR A PARTICULAR PURPOSE ARE          -->
<!--DISCLAIMED. IN NO EVENT SHALL THE COPYRIGHT HOLDER OR CONTRIBUTORS BE LIABLE    -->
<!--FOR ANY DIRECT, INDIRECT, INCIDENTAL, SPECIAL, EXEMPLARY, OR CONSEQUENTIAL      -->
<!--DAMAGES (INCLUDING, BUT NOT LIMITED TO, PROCUREMENT OF SUBSTITUTE GOODS OR      -->
<!--SERVICES; LOSS OF USE, DATA, OR PROFITS; OR BUSINESS INTERRUPTION) HOWEVER      -->
<!--CAUSED AND ON ANY THEORY OF LIABILITY, WHETHER IN CONTRACT, STRICT LIABILITY,   -->
<!--OR TORT (INCLUDING NEGLIGENCE OR OTHERWISE) ARISING IN ANY WAY OUT OF THE USE   -->
<!--OF THIS SOFTWARE, EVEN IF ADVISED OF THE POSSIBILITY OF SUCH DAMAGE.            -->
<!--                                                                                -->
<!--********************************************************************************-->
<!--        Infineon Embedded Power Family TLE989x Module Configuration File        -->
<!--********************************************************************************-->
<!--                                                                                -->
<!--********************************************************************************-->
<!--                               Author(s) Identity                               -->
<!--********************************************************************************-->
<!--   Initials     Name                                                            -->
<!--   DM           Daniel Mysliwitz                                                -->
<!--   JO           Julia Ott                                                       -->
<!--   BG           Blandine Guillot                                                -->
<!--********************************************************************************-->
<!--                                                                                -->
<!--********************************************************************************-->
<!--                            Revision Control History                            -->
<!--********************************************************************************-->
<!-- V0.0.1: 2020-09-11, BG:   Initial version                                      -->
<!-- V0.1.0: 2020-10-23, BG:   EP-482: Added doctype and checksum                   -->
<!-- V0.1.1: 2021-02-08, BG:   EP-690: Updated CW minimal version to 2.6.2          -->
<!--********************************************************************************-->

<!-- IDX: SSC0, SSC1 -->

<ifxmlcfg version="2.6.2">
  <checksum>3dd6198737f9eb4ba64ee5f938a4d5df4dba04566da7c6b6264b06fa37ebdb69</checksum>
  <version label="V0.1.1"/>
  <svd file="tle989x.svd"/>
  <usesPython/>
  <svgembed define="$IDX$_Block">
    <svg viewBox="0 0 500 250">
      <rect width="500" height="250" style="fill:#FFFFF0;stroke-width:0.30644634"/>
      <line x1="0" y1="0" x2="0" y2="0" style="stroke:#FFFFF0;stroke-width:$$IDX$_UPDATE_GRAPH$" />  <!-- Dummy line to update graph -->
      <text x="15" y="20" text-anchor="start" font-family="arial" font-weight="bold" font-size="16" fill="#000000">Example with data 0x96 (10010110<tspan dy="10">B</tspan>)</text>

      <!-- Clock low idle -->
      <g id="$IDX$_1" visibility="$VIS_$IDX$_1$">
        <text x="40" y="75" text-anchor="middle" font-family="arial" font-weight="bold" font-size="16" fill="#000000">CLOCK</text>
        <text x="40" y="100" text-anchor="middle" font-family="arial" font-size="14" fill="#000000">low idle</text>
        <line x1="80" y1="100" x2="110" y2="100" style="stroke:#000000;stroke-width:1"/>
        <line x1="110" y1="50" x2="110" y2="100" style="stroke:#000000;stroke-width:1"/>
        <line x1="110" y1="50" x2="130" y2="50" style="stroke:#000000;stroke-width:1"/>
        <line x1="130" y1="50" x2="130" y2="100" style="stroke:#000000;stroke-width:1"/>
        <line x1="130" y1="100" x2="150" y2="100" style="stroke:#000000;stroke-width:1"/>
        <line x1="150" y1="50" x2="150" y2="100" style="stroke:#000000;stroke-width:1"/>
        <line x1="150" y1="50" x2="170" y2="50" style="stroke:#000000;stroke-width:1"/>
        <line x1="170" y1="50" x2="170" y2="100" style="stroke:#000000;stroke-width:1"/>
        <line x1="170" y1="100" x2="190" y2="100" style="stroke:#000000;stroke-width:1"/>
        <line x1="190" y1="50" x2="190" y2="100" style="stroke:#000000;stroke-width:1"/>
        <line x1="190" y1="50" x2="210" y2="50" style="stroke:#000000;stroke-width:1"/>
        <line x1="210" y1="50" x2="210" y2="100" style="stroke:#000000;stroke-width:1"/>
        <line x1="210" y1="100" x2="230" y2="100" style="stroke:#000000;stroke-width:1"/>
        <line x1="230" y1="50" x2="230" y2="100" style="stroke:#000000;stroke-width:1"/>
        <line x1="230" y1="50" x2="250" y2="50" style="stroke:#000000;stroke-width:1"/>
        <line x1="250" y1="50" x2="250" y2="100" style="stroke:#000000;stroke-width:1"/>
        <line x1="250" y1="100" x2="270" y2="100" style="stroke:#000000;stroke-width:1"/>
        <line x1="270" y1="50" x2="270" y2="100" style="stroke:#000000;stroke-width:1"/>
        <line x1="270" y1="50" x2="290" y2="50" style="stroke:#000000;stroke-width:1"/>
        <line x1="290" y1="50" x2="290" y2="100" style="stroke:#000000;stroke-width:1"/>
        <line x1="290" y1="100" x2="310" y2="100" style="stroke:#000000;stroke-width:1"/>
        <line x1="310" y1="50" x2="310" y2="100" style="stroke:#000000;stroke-width:1"/>
        <line x1="310" y1="50" x2="330" y2="50" style="stroke:#000000;stroke-width:1"/>
        <line x1="330" y1="50" x2="330" y2="100" style="stroke:#000000;stroke-width:1"/>
        <line x1="330" y1="100" x2="350" y2="100" style="stroke:#000000;stroke-width:1"/>
        <line x1="350" y1="50" x2="350" y2="100" style="stroke:#000000;stroke-width:1"/>
        <line x1="350" y1="50" x2="370" y2="50" style="stroke:#000000;stroke-width:1"/>
        <line x1="370" y1="50" x2="370" y2="100" style="stroke:#000000;stroke-width:1"/>
        <line x1="370" y1="100" x2="390" y2="100" style="stroke:#000000;stroke-width:1"/>
        <line x1="390" y1="50" x2="390" y2="100" style="stroke:#000000;stroke-width:1"/>
        <line x1="390" y1="50" x2="410" y2="50" style="stroke:#000000;stroke-width:1"/>
        <line x1="410" y1="50" x2="410" y2="100" style="stroke:#000000;stroke-width:1"/>
        <line x1="410" y1="100" x2="430" y2="100" style="stroke:#000000;stroke-width:1"/>
        <line x1="430" y1="50" x2="430" y2="100" style="stroke:#000000;stroke-width:1"/>
        <line x1="430" y1="50" x2="450" y2="50" style="stroke:#000000;stroke-width:1"/>
        <line x1="450" y1="50" x2="450" y2="100" style="stroke:#000000;stroke-width:1"/>
        <line x1="450" y1="100" x2="480" y2="100" style="stroke:#000000;stroke-width:1"/>
      </g>

      <!-- Clock high idle -->
      <g id="$IDX$_2" visibility="$VIS_$IDX$_2$">
        <text x="40" y="75" text-anchor="middle" font-family="arial" font-weight="bold" font-size="16" fill="#000000">CLOCK</text>
        <text x="40" y="100" text-anchor="middle" font-family="arial" font-size="14" fill="#000000">high idle</text>
        <line x1="80" y1="50" x2="110" y2="50" style="stroke:#000000;stroke-width:1"/>
        <line x1="110" y1="50" x2="110" y2="100" style="stroke:#000000;stroke-width:1"/>
        <line x1="110" y1="100" x2="130" y2="100" style="stroke:#000000;stroke-width:1"/>
        <line x1="130" y1="50" x2="130" y2="100" style="stroke:#000000;stroke-width:1"/>
        <line x1="130" y1="50" x2="150" y2="50" style="stroke:#000000;stroke-width:1"/>
        <line x1="150" y1="50" x2="150" y2="100" style="stroke:#000000;stroke-width:1"/>
        <line x1="150" y1="100" x2="170" y2="100" style="stroke:#000000;stroke-width:1"/>
        <line x1="170" y1="50" x2="170" y2="100" style="stroke:#000000;stroke-width:1"/>
        <line x1="170" y1="50" x2="190" y2="50" style="stroke:#000000;stroke-width:1"/>
        <line x1="190" y1="50" x2="190" y2="100" style="stroke:#000000;stroke-width:1"/>
        <line x1="190" y1="100" x2="210" y2="100" style="stroke:#000000;stroke-width:1"/>
        <line x1="210" y1="50" x2="210" y2="100" style="stroke:#000000;stroke-width:1"/>
        <line x1="210" y1="50" x2="230" y2="50" style="stroke:#000000;stroke-width:1"/>
        <line x1="230" y1="50" x2="230" y2="100" style="stroke:#000000;stroke-width:1"/>
        <line x1="230" y1="100" x2="250" y2="100" style="stroke:#000000;stroke-width:1"/>
        <line x1="250" y1="50" x2="250" y2="100" style="stroke:#000000;stroke-width:1"/>
        <line x1="250" y1="50" x2="270" y2="50" style="stroke:#000000;stroke-width:1"/>
        <line x1="270" y1="50" x2="270" y2="100" style="stroke:#000000;stroke-width:1"/>
        <line x1="270" y1="100" x2="290" y2="100" style="stroke:#000000;stroke-width:1"/>
        <line x1="290" y1="50" x2="290" y2="100" style="stroke:#000000;stroke-width:1"/>
        <line x1="290" y1="50" x2="310" y2="50" style="stroke:#000000;stroke-width:1"/>
        <line x1="310" y1="50" x2="310" y2="100" style="stroke:#000000;stroke-width:1"/>
        <line x1="310" y1="100" x2="330" y2="100" style="stroke:#000000;stroke-width:1"/>
        <line x1="330" y1="50" x2="330" y2="100" style="stroke:#000000;stroke-width:1"/>
        <line x1="330" y1="50" x2="350" y2="50" style="stroke:#000000;stroke-width:1"/>
        <line x1="350" y1="50" x2="350" y2="100" style="stroke:#000000;stroke-width:1"/>
        <line x1="350" y1="100" x2="370" y2="100" style="stroke:#000000;stroke-width:1"/>
        <line x1="370" y1="50" x2="370" y2="100" style="stroke:#000000;stroke-width:1"/>
        <line x1="370" y1="50" x2="390" y2="50" style="stroke:#000000;stroke-width:1"/>
        <line x1="390" y1="50" x2="390" y2="100" style="stroke:#000000;stroke-width:1"/>
        <line x1="390" y1="100" x2="410" y2="100" style="stroke:#000000;stroke-width:1"/>
        <line x1="410" y1="50" x2="410" y2="100" style="stroke:#000000;stroke-width:1"/>
        <line x1="410" y1="50" x2="430" y2="50" style="stroke:#000000;stroke-width:1"/>
        <line x1="430" y1="50" x2="430" y2="100" style="stroke:#000000;stroke-width:1"/>
        <line x1="430" y1="100" x2="450" y2="100" style="stroke:#000000;stroke-width:1"/>
        <line x1="450" y1="50" x2="450" y2="100" style="stroke:#000000;stroke-width:1"/>
        <line x1="450" y1="50" x2="480" y2="50" style="stroke:#000000;stroke-width:1"/>
      </g>

      <!-- MSB first, latch leading edge -->
      <g id="$IDX$_3" visibility="$VIS_$IDX$_3$">
        <text x="40" y="180" text-anchor="middle" font-family="arial" font-weight="bold" font-size="16" fill="#000000">DATA</text>
        <line x1="80" y1="200" x2="110" y2="200" style="stroke:#000000;stroke-width:1"/>
        <line x1="110" y1="150" x2="110" y2="200" style="stroke:#000000;stroke-width:1"/>
        <line x1="110" y1="150" x2="150" y2="150" style="stroke:#000000;stroke-width:1"/>
        <text x="130" y="220" text-anchor="middle" font-family="arial" font-weight="bold" font-size="14" fill="#FF0000">1</text>
        <line x1="150" y1="150" x2="150" y2="200" style="stroke:#000000;stroke-width:1"/>
        <line x1="150" y1="200" x2="230" y2="200" style="stroke:#000000;stroke-width:1"/>
        <text x="170" y="220" text-anchor="middle" font-family="arial" font-weight="bold" font-size="14" fill="#FF0000">0</text>
        <text x="210" y="220" text-anchor="middle" font-family="arial" font-weight="bold" font-size="14" fill="#FF0000">0</text>
        <line x1="230" y1="150" x2="230" y2="200" style="stroke:#000000;stroke-width:1"/>
        <line x1="230" y1="150" x2="270" y2="150" style="stroke:#000000;stroke-width:1"/>
        <text x="250" y="220" text-anchor="middle" font-family="arial" font-weight="bold" font-size="14" fill="#FF0000">1</text>
        <line x1="270" y1="150" x2="270" y2="200" style="stroke:#000000;stroke-width:1"/>
        <line x1="270" y1="200" x2="310" y2="200" style="stroke:#000000;stroke-width:1"/>
        <text x="290" y="220" text-anchor="middle" font-family="arial" font-weight="bold" font-size="14" fill="#FF0000">0</text>
        <line x1="310" y1="150" x2="310" y2="200" style="stroke:#000000;stroke-width:1"/>
        <line x1="310" y1="150" x2="390" y2="150" style="stroke:#000000;stroke-width:1"/>
        <text x="330" y="220" text-anchor="middle" font-family="arial" font-weight="bold" font-size="14" fill="#FF0000">1</text>
        <text x="370" y="220" text-anchor="middle" font-family="arial" font-weight="bold" font-size="14" fill="#FF0000">1</text>
        <line x1="390" y1="150" x2="390" y2="200" style="stroke:#000000;stroke-width:1"/>
        <line x1="390" y1="200" x2="480" y2="200" style="stroke:#000000;stroke-width:1"/>
        <text x="410" y="220" text-anchor="middle" font-family="arial" font-weight="bold" font-size="14" fill="#FF0000">0</text>
      </g>

      <!-- MSB first, latch trailing edge -->
      <g id="$IDX$_4" visibility="$VIS_$IDX$_4$">
        <text x="40" y="180" text-anchor="middle" font-family="arial" font-weight="bold" font-size="16" fill="#000000">DATA</text>
        <line x1="80" y1="200" x2="130" y2="200" style="stroke:#000000;stroke-width:1"/>
        <line x1="130" y1="150" x2="130" y2="200" style="stroke:#000000;stroke-width:1"/>
        <line x1="130" y1="150" x2="170" y2="150" style="stroke:#000000;stroke-width:1"/>
        <text x="150" y="220" text-anchor="middle" font-family="arial" font-weight="bold" font-size="14" fill="#FF0000">1</text>
        <line x1="170" y1="150" x2="170" y2="200" style="stroke:#000000;stroke-width:1"/>
        <line x1="170" y1="200" x2="250" y2="200" style="stroke:#000000;stroke-width:1"/>
        <text x="190" y="220" text-anchor="middle" font-family="arial" font-weight="bold" font-size="14" fill="#FF0000">0</text>
        <text x="230" y="220" text-anchor="middle" font-family="arial" font-weight="bold" font-size="14" fill="#FF0000">0</text>
        <line x1="250" y1="150" x2="250" y2="200" style="stroke:#000000;stroke-width:1"/>
        <line x1="250" y1="150" x2="290" y2="150" style="stroke:#000000;stroke-width:1"/>
        <text x="270" y="220" text-anchor="middle" font-family="arial" font-weight="bold" font-size="14" fill="#FF0000">1</text>
        <line x1="290" y1="150" x2="290" y2="200" style="stroke:#000000;stroke-width:1"/>
        <line x1="290" y1="200" x2="330" y2="200" style="stroke:#000000;stroke-width:1"/>
        <text x="310" y="220" text-anchor="middle" font-family="arial" font-weight="bold" font-size="14" fill="#FF0000">0</text>
        <line x1="330" y1="150" x2="330" y2="200" style="stroke:#000000;stroke-width:1"/>
        <line x1="330" y1="150" x2="410" y2="150" style="stroke:#000000;stroke-width:1"/>
        <text x="350" y="220" text-anchor="middle" font-family="arial" font-weight="bold" font-size="14" fill="#FF0000">1</text>
        <text x="390" y="220" text-anchor="middle" font-family="arial" font-weight="bold" font-size="14" fill="#FF0000">1</text>
        <line x1="410" y1="150" x2="410" y2="200" style="stroke:#000000;stroke-width:1"/>
        <line x1="410" y1="200" x2="480" y2="200" style="stroke:#000000;stroke-width:1"/>
        <text x="430" y="220" text-anchor="middle" font-family="arial" font-weight="bold" font-size="14" fill="#FF0000">0</text>
      </g>

      <!-- LSB first, latch leading edge -->
      <g id="$IDX$_5" visibility="$VIS_$IDX$_5$">
        <text x="40" y="180" text-anchor="middle" font-family="arial" font-weight="bold" font-size="16" fill="#000000">DATA</text>
        <line x1="80" y1="200" x2="150" y2="200" style="stroke:#000000;stroke-width:1"/>
        <text x="130" y="220" text-anchor="middle" font-family="arial" font-weight="bold" font-size="14" fill="#FF0000">0</text>
        <line x1="150" y1="150" x2="150" y2="200" style="stroke:#000000;stroke-width:1"/>
        <line x1="150" y1="150" x2="230" y2="150" style="stroke:#000000;stroke-width:1"/>
        <text x="170" y="220" text-anchor="middle" font-family="arial" font-weight="bold" font-size="14" fill="#FF0000">1</text>
        <text x="210" y="220" text-anchor="middle" font-family="arial" font-weight="bold" font-size="14" fill="#FF0000">1</text>
        <line x1="230" y1="150" x2="230" y2="200" style="stroke:#000000;stroke-width:1"/>
        <line x1="230" y1="200" x2="270" y2="200" style="stroke:#000000;stroke-width:1"/>
        <text x="250" y="220" text-anchor="middle" font-family="arial" font-weight="bold" font-size="14" fill="#FF0000">0</text>
        <line x1="270" y1="150" x2="270" y2="200" style="stroke:#000000;stroke-width:1"/>
        <line x1="270" y1="150" x2="310" y2="150" style="stroke:#000000;stroke-width:1"/>
        <text x="290" y="220" text-anchor="middle" font-family="arial" font-weight="bold" font-size="14" fill="#FF0000">1</text>
        <line x1="310" y1="150" x2="310" y2="200" style="stroke:#000000;stroke-width:1"/>
        <line x1="310" y1="200" x2="390" y2="200" style="stroke:#000000;stroke-width:1"/>
        <text x="330" y="220" text-anchor="middle" font-family="arial" font-weight="bold" font-size="14" fill="#FF0000">0</text>
        <text x="370" y="220" text-anchor="middle" font-family="arial" font-weight="bold" font-size="14" fill="#FF0000">0</text>
        <line x1="390" y1="150" x2="390" y2="200" style="stroke:#000000;stroke-width:1"/>
        <line x1="390" y1="150" x2="430" y2="150" style="stroke:#000000;stroke-width:1"/>
        <text x="410" y="220" text-anchor="middle" font-family="arial" font-weight="bold" font-size="14" fill="#FF0000">1</text>
        <line x1="430" y1="150" x2="430" y2="200" style="stroke:#000000;stroke-width:1"/>
        <line x1="430" y1="200" x2="480" y2="200" style="stroke:#000000;stroke-width:1"/>
      </g>

      <!-- LSB first, latch trailing edge -->
      <g id="$IDX$_6" visibility="$VIS_$IDX$_6$">
        <text x="40" y="180" text-anchor="middle" font-family="arial" font-weight="bold" font-size="16" fill="#000000">DATA</text>
        <line x1="80" y1="200" x2="170" y2="200" style="stroke:#000000;stroke-width:1"/>
        <text x="150" y="220" text-anchor="middle" font-family="arial" font-weight="bold" font-size="14" fill="#FF0000">0</text>
        <line x1="170" y1="150" x2="170" y2="200" style="stroke:#000000;stroke-width:1"/>
        <line x1="170" y1="150" x2="250" y2="150" style="stroke:#000000;stroke-width:1"/>
        <text x="190" y="220" text-anchor="middle" font-family="arial" font-weight="bold" font-size="14" fill="#FF0000">1</text>
        <text x="230" y="220" text-anchor="middle" font-family="arial" font-weight="bold" font-size="14" fill="#FF0000">1</text>
        <line x1="250" y1="150" x2="250" y2="200" style="stroke:#000000;stroke-width:1"/>
        <line x1="250" y1="200" x2="290" y2="200" style="stroke:#000000;stroke-width:1"/>
        <text x="270" y="220" text-anchor="middle" font-family="arial" font-weight="bold" font-size="14" fill="#FF0000">0</text>
        <line x1="290" y1="150" x2="290" y2="200" style="stroke:#000000;stroke-width:1"/>
        <line x1="290" y1="150" x2="330" y2="150" style="stroke:#000000;stroke-width:1"/>
        <text x="310" y="220" text-anchor="middle" font-family="arial" font-weight="bold" font-size="14" fill="#FF0000">1</text>
        <line x1="330" y1="150" x2="330" y2="200" style="stroke:#000000;stroke-width:1"/>
        <line x1="330" y1="200" x2="410" y2="200" style="stroke:#000000;stroke-width:1"/>
        <text x="350" y="220" text-anchor="middle" font-family="arial" font-weight="bold" font-size="14" fill="#FF0000">0</text>
        <text x="390" y="220" text-anchor="middle" font-family="arial" font-weight="bold" font-size="14" fill="#FF0000">0</text>
        <line x1="410" y1="150" x2="410" y2="200" style="stroke:#000000;stroke-width:1"/>
        <line x1="410" y1="150" x2="450" y2="150" style="stroke:#000000;stroke-width:1"/>
        <text x="430" y="220" text-anchor="middle" font-family="arial" font-weight="bold" font-size="14" fill="#FF0000">1</text>
        <line x1="450" y1="150" x2="450" y2="200" style="stroke:#000000;stroke-width:1"/>
        <line x1="450" y1="200" x2="480" y2="200" style="stroke:#000000;stroke-width:1"/>
      </g>

      <!-- Vertical dash lines for clock low idle -->
      <g id="$IDX$_7" visibility="$VIS_$IDX$_7$">
        <line x1="110" y1="105" x2="110" y2="205" stroke="black"  stroke-dasharray="4"/>
        <line x1="150" y1="105" x2="150" y2="205" stroke="black"  stroke-dasharray="4"/>
        <line x1="190" y1="105" x2="190" y2="205" stroke="black"  stroke-dasharray="4"/>
        <line x1="230" y1="105" x2="230" y2="205" stroke="black"  stroke-dasharray="4"/>
        <line x1="270" y1="105" x2="270" y2="205" stroke="black"  stroke-dasharray="4"/>
        <line x1="310" y1="105" x2="310" y2="205" stroke="black"  stroke-dasharray="4"/>
        <line x1="350" y1="105" x2="350" y2="205" stroke="black"  stroke-dasharray="4"/>
        <line x1="390" y1="105" x2="390" y2="205" stroke="black"  stroke-dasharray="4"/>
        <line x1="430" y1="105" x2="430" y2="205" stroke="black"  stroke-dasharray="4"/>
      </g>

      <!-- Vertical dash lines for clock high -->
      <g id="$IDX$_8" visibility="$VIS_$IDX$_8$">
        <line x1="130" y1="105" x2="130" y2="205" stroke="black"  stroke-dasharray="4"/>
        <line x1="170" y1="105" x2="170" y2="205" stroke="black"  stroke-dasharray="4"/>
        <line x1="210" y1="105" x2="210" y2="205" stroke="black"  stroke-dasharray="4"/>
        <line x1="250" y1="105" x2="250" y2="205" stroke="black"  stroke-dasharray="4"/>
        <line x1="290" y1="105" x2="290" y2="205" stroke="black"  stroke-dasharray="4"/>
        <line x1="330" y1="105" x2="330" y2="205" stroke="black"  stroke-dasharray="4"/>
        <line x1="370" y1="105" x2="370" y2="205" stroke="black"  stroke-dasharray="4"/>
        <line x1="410" y1="105" x2="410" y2="205" stroke="black"  stroke-dasharray="4"/>
        <line x1="450" y1="105" x2="450" y2="205" stroke="black"  stroke-dasharray="4"/>
      </g>

    </svg>
  </svgembed>
</ifxmlcfg>

