<?xml version="1.0" encoding="UTF-8" ?>
<!--file template_pmu_gpiowake.xml                                                  -->
<!--brief Embedded Power Modules configuration                                      -->
<!--                                                                                -->
<!--Copyright (c) 2021, Infineon Technologies AG                                    -->
<!--All rights reserved.                                                            -->
<!--                                                                                -->
<!--Redistribution and use in source and binary forms, with or without modification,-->
<!--are permitted provided that the following conditions are met:                   -->
<!--                                                                                -->
<!--  Redistributions of source code must retain the above copyright notice, this   -->
<!--  list of conditions and the following disclaimer.                              -->
<!--                                                                                -->
<!--  Redistributions in binary form must reproduce the above copyright notice,     -->
<!--  this list of conditions and the following disclaimer in the documentation     -->
<!--  and/or other materials provided with the distribution.                        -->
<!--                                                                                -->
<!--  Neither the name of the copyright holders nor the names of its contributors   -->
<!--  may be used to endorse or promote products derived from this software without -->
<!--  specific prior written permission.                                            -->
<!--                                                                                -->
<!--THIS SOFTWARE IS PROVIDED BY THE COPYRIGHT HOLDERS AND CONTRIBUTORS "AS IS" AND -->
<!--ANY EXPRESS OR IMPLIED WARRANTIES, INCLUDING, BUT NOT LIMITED TO, THE IMPLIED   -->
<!--WARRANTIES OF MERCHANTABILITY AND FITNESS FOR A PARTICULAR PURPOSE ARE          -->
<!--DISCLAIMED. IN NO EVENT SHALL THE COPYRIGHT HOLDER OR CONTRIBUTORS BE LIABLE    -->
<!--FOR ANY DIRECT, INDIRECT, INCIDENTAL, SPECIAL, EXEMPLARY, OR CONSEQUENTIAL      -->
<!--DAMAGES (INCLUDING, BUT NOT LIMITED TO, PROCUREMENT OF SUBSTITUTE GOODS OR      -->
<!--SERVICES; LOSS OF USE, DATA, OR PROFITS; OR BUSINESS INTERRUPTION) HOWEVER      -->
<!--CAUSED AND ON ANY THEORY OF LIABILITY, WHETHER IN CONTRACT, STRICT LIABILITY,   -->
<!--OR TORT (INCLUDING NEGLIGENCE OR OTHERWISE) ARISING IN ANY WAY OUT OF THE USE   -->
<!--OF THIS SOFTWARE, EVEN IF ADVISED OF THE POSSIBILITY OF SUCH DAMAGE.            -->
<!--                                                                                -->
<!--********************************************************************************-->
<!--        Infineon Embedded Power Family TLE989x Module Configuration File        -->
<!--********************************************************************************-->
<!--                                                                                -->
<!--********************************************************************************-->
<!--                               Author(s) Identity                               -->
<!--********************************************************************************-->
<!--   Initials     Name                                                            -->
<!--   DM           Daniel Mysliwitz                                                -->
<!--   JO           Julia Ott                                                       -->
<!--   BG           Blandine Guillot                                                -->
<!--********************************************************************************-->
<!--                                                                                -->
<!--********************************************************************************-->
<!--                            Revision Control History                            -->
<!--********************************************************************************-->
<!-- V0.0.1: 2020-09-11, BG:   Initial version                                      -->
<!-- V0.1.0: 2020-10-23, BG:   EP-482: Added doctype and checksum                   -->
<!-- V0.1.1: 2020-10-30, BG:   EP-547: Added lockons for GPIO                       -->
<!-- V0.1.2: 2020-11-12, BG:   EP-589: Corrected wrong display of GPIOs             -->
<!-- V0.1.3: 2020-11-16, JO:   EP-587: Added note '64pin only' to pin selection,    -->
<!--                           Show GPIOs of 64pin variant only in case a 64pin     -->
<!--                           variant is selected in uVision project               -->
<!-- V0.1.4: 2021-02-08, BG:   EP-690: Updated CW minimal version to 2.6.2          -->
<!-- V0.1.5: 2021-03-04, BG:   EP-719: Resized the containers                       -->
<!-- V0.2.0: 2021-03-09, JO:   EP-734: Updated CW minimal version to 2.6.3,         -->
<!--                           Added usage of setdefine feature that was introduced -->
<!--                           in Config Wizard version 2.6.3                       -->
<!--********************************************************************************-->

<!-- $IDX$ -->

<ifxmlcfg version="2.6.3">
  <checksum>2bdd407f865a9b5e9cf014f0385b6a917cd88ee2003692937ac467db7085c3ab</checksum>
  <version label="V0.2.0"/>
  <svd file="tle989x.svd"/>
  <usesPython/>
  <groupcontainer label="GPIO_$IDX$" define="CONT_GPIO_$IDX$" size="200;-1">
    <verticalcontainer>
      <checkbox label="Enable on Rising Edge" define="PMU.WAKE_GPIO_CTRL$IDX$.RI" default="0" header="pmu_defines.h"/>
      <checkbox label="Enable on Falling Edge" define="PMU.WAKE_GPIO_CTRL$IDX$.FA" default="0" header="pmu_defines.h"/>
      <checkbox label="Enable Cyclic Sense" define="PMU.WAKE_GPIO_CTRL$IDX$.CYC" default="0" header="pmu_defines.h">
        <action event="checked" cmd="setDef" data="UPDATE_MODE.run=1"/>
        <action event="unchecked" cmd="setDef" data="UPDATE_MODE.run=1"/>
      </checkbox>
      <horizontalcontainer>
        <text label="Input"/>
        <combo label="Input" define="PMU.WAKE_GPIO_CTRL$IDX$_INP" svd="0" default="label=none" header="temp_defines.h">
          <item label="P0.0" lockon="GPIO.P0_DIR.DIR0=0"/>
          <item label="P0.1" lockon="GPIO.P0_DIR.DIR1=0"/>
          <item label="P0.2" lockon="GPIO.P0_DIR.DIR2=0"/>
          <item label="P0.3" lockon="GPIO.P0_DIR.DIR3=0"/>
          <item label="P0.4 (*)" lockon="GPIO.P0_DIR.DIR4=0" startcond="UC_FEATURE_64PIN==1"/>
          <item label="P0.5 (*)" lockon="GPIO.P0_DIR.DIR5=0" startcond="UC_FEATURE_64PIN==1"/>
          <item label="P0.6 (*)" lockon="GPIO.P0_DIR.DIR6=0" startcond="UC_FEATURE_64PIN==1"/>
          <item label="P0.7 (*)" lockon="GPIO.P0_DIR.DIR7=0" startcond="UC_FEATURE_64PIN==1"/>
          <item label="P0.8 (*)" lockon="GPIO.P0_DIR.DIR8=0" startcond="UC_FEATURE_64PIN==1"/>
          <item label="P0.9 (*)" lockon="GPIO.P0_DIR.DIR9=0" startcond="UC_FEATURE_64PIN==1"/>                    
          <item label="P1.0" lockon="GPIO.P1_DIR.DIR0=0"/>
          <item label="P1.1" lockon="GPIO.P1_DIR.DIR1=0"/>
          <item label="P1.2" lockon="GPIO.P1_DIR.DIR2=0"/>
          <item label="P1.3 (*)" lockon="GPIO.P1_DIR.DIR3=0" startcond="UC_FEATURE_64PIN==1"/>
          <item label="P1.4 (*)" lockon="GPIO.P1_DIR.DIR4=0" startcond="UC_FEATURE_64PIN==1"/>
          <item label="P2.0" lockon="GPIO.P2_INDIS.INDIS0=0"/>
          <item label="P2.1" lockon="GPIO.P2_INDIS.INDIS1=0"/>
          <item label="P2.2" lockon="GPIO.P2_INDIS.INDIS2=0"/>
          <item label="P2.3" lockon="GPIO.P2_INDIS.INDIS3=0"/>
          <item label="P2.4" lockon="GPIO.P2_INDIS.INDIS4=0"/>
          <item label="P2.5" lockon="GPIO.P2_INDIS.INDIS5=0"/>
          <item label="P2.6" lockon="GPIO.P2_INDIS.INDIS6=0"/>
          <item label="P2.7 (*)" lockon="GPIO.P2_INDIS.INDIS7=0" startcond="UC_FEATURE_64PIN==1"/>
          <item label="P2.8 (*)" lockon="GPIO.P2_INDIS.INDIS8=0" startcond="UC_FEATURE_64PIN==1"/>
          <item label="P2.9 (*)" lockon="GPIO.P2_INDIS.INDIS9=0" startcond="UC_FEATURE_64PIN==1"/>
          <item label="none" value="0xFF"/>
        </combo>
        <math visible="false" define="PMU.WAKE_GPIO_CTRL$IDX$.INP" formula="PMU.WAKE_GPIO_CTRL$IDX$_INP!=255?(PMU.WAKE_GPIO_CTRL$IDX$_INP:0)"/>
      </horizontalcontainer>
    </verticalcontainer>
  </groupcontainer>
</ifxmlcfg>
