<?xml version="1.0" encoding="UTF-8" ?>
<!--file template_adc1_sequencer_variables.xml                                      -->
<!--brief Embedded Power Modules configuration                                      -->
<!--                                                                                -->
<!--Copyright (c) 2021, Infineon Technologies AG                                    -->
<!--All rights reserved.                                                            -->
<!--                                                                                -->
<!--Redistribution and use in source and binary forms, with or without modification,-->
<!--are permitted provided that the following conditions are met:                   -->
<!--                                                                                -->
<!--  Redistributions of source code must retain the above copyright notice, this   -->
<!--  list of conditions and the following disclaimer.                              -->
<!--                                                                                -->
<!--  Redistributions in binary form must reproduce the above copyright notice,     -->
<!--  this list of conditions and the following disclaimer in the documentation     -->
<!--  and/or other materials provided with the distribution.                        -->
<!--                                                                                -->
<!--  Neither the name of the copyright holders nor the names of its contributors   -->
<!--  may be used to endorse or promote products derived from this software without -->
<!--  specific prior written permission.                                            -->
<!--                                                                                -->
<!--THIS SOFTWARE IS PROVIDED BY THE COPYRIGHT HOLDERS AND CONTRIBUTORS "AS IS" AND -->
<!--ANY EXPRESS OR IMPLIED WARRANTIES, INCLUDING, BUT NOT LIMITED TO, THE IMPLIED   -->
<!--WARRANTIES OF MERCHANTABILITY AND FITNESS FOR A PARTICULAR PURPOSE ARE          -->
<!--DISCLAIMED. IN NO EVENT SHALL THE COPYRIGHT HOLDER OR CONTRIBUTORS BE LIABLE    -->
<!--FOR ANY DIRECT, INDIRECT, INCIDENTAL, SPECIAL, EXEMPLARY, OR CONSEQUENTIAL      -->
<!--DAMAGES (INCLUDING, BUT NOT LIMITED TO, PROCUREMENT OF SUBSTITUTE GOODS OR      -->
<!--SERVICES; LOSS OF USE, DATA, OR PROFITS; OR BUSINESS INTERRUPTION) HOWEVER      -->
<!--CAUSED AND ON ANY THEORY OF LIABILITY, WHETHER IN CONTRACT, STRICT LIABILITY,   -->
<!--OR TORT (INCLUDING NEGLIGENCE OR OTHERWISE) ARISING IN ANY WAY OUT OF THE USE   -->
<!--OF THIS SOFTWARE, EVEN IF ADVISED OF THE POSSIBILITY OF SUCH DAMAGE.            -->
<!--                                                                                -->
<!--********************************************************************************-->
<!--        Infineon Embedded Power Family TLE989x Module Configuration File        -->
<!--********************************************************************************-->
<!--                                                                                -->
<!--********************************************************************************-->
<!--                               Author(s) Identity                               -->
<!--********************************************************************************-->
<!--   Initials     Name                                                            -->
<!--   DM           Daniel Mysliwitz                                                -->
<!--   JO           Julia Ott                                                       -->
<!--   BG           Blandine Guillot                                                -->
<!--********************************************************************************-->
<!--                                                                                -->
<!--********************************************************************************-->
<!--                            Revision Control History                            -->
<!--********************************************************************************-->
<!-- V0.0.1: 2020-09-11, DM:   Initial version                                      -->
<!-- V0.1.0: 2020-10-23, BG:   EP-482: Added doctype and checksum                   -->
<!-- V0.2.0: 2020-12-16, BG:   EP-647: Restructured module with Python              -->
<!--********************************************************************************-->

<!-- Sequencer Variables Template -->
<!-- Parameters: -->
<!--   IDX, range 0..3 -->

<ifxmlcfg version="2.6.2">
  <checksum>cdfbd035d13333e81de6aa21add1eef7b6ffb2852d33b55d90b9d9a6a8f6a9b8</checksum>
  <version label="V0.2.0"/>
  <svd file="tle989x.svd"/>
  <usesPython/>
  <groupcontainer>
    <verticalcontainer>
      <edit define="ADC1.S$IDX$S0_CH"           visible="false" svd="0" header="temp_defines.h"/>
      <edit define="ADC1.S$IDX$S1_CH"           visible="false" svd="0" header="temp_defines.h"/>
      <edit define="ADC1.S$IDX$S2_CH"           visible="false" svd="0" header="temp_defines.h"/>
      <edit define="ADC1.S$IDX$S3_CH"           visible="false" svd="0" header="temp_defines.h"/>
      <edit define="ADC1.S$IDX$S0_NAME_TXT"     visible="true"  svd="0" header=""/>
      <edit define="ADC1.S$IDX$S1_NAME_TXT"     visible="true"  svd="0" header=""/>
      <edit define="ADC1.S$IDX$S2_NAME_TXT"     visible="true"  svd="0" header=""/>
      <edit define="ADC1.S$IDX$S3_NAME_TXT"     visible="true"  svd="0" header=""/>
      <edit define="ADC1.S$IDX$S0_COLOR"        visible="true"  svd="0" default="F1F1F1"               header=""/>
      <edit define="ADC1.S$IDX$S1_COLOR"        visible="true"  svd="0" default="F1F1F1"               header=""/>
      <edit define="ADC1.S$IDX$S2_COLOR"        visible="true"  svd="0" default="F1F1F1"               header=""/>
      <edit define="ADC1.S$IDX$S3_COLOR"        visible="true"  svd="0" default="F1F1F1"               header=""/>
      <edit define="ADC1.S$IDX$S0_BOXCOLOR"     visible="false" svd="0" default="F1F1F1"               header=""/>
      <edit define="ADC1.S$IDX$S1_BOXCOLOR"     visible="false" svd="0" default="F1F1F1"               header=""/>
      <edit define="ADC1.S$IDX$S2_BOXCOLOR"     visible="false" svd="0" default="F1F1F1"               header=""/>
      <edit define="ADC1.S$IDX$S3_BOXCOLOR"     visible="false" svd="0" default="F1F1F1"               header=""/>
      <edit define="ADC1.S$IDX$_TIMES"           visible="false" svd="0" default="0" header="temp_defines.h"/>
    </verticalcontainer>
  </groupcontainer>
</ifxmlcfg>
