<?xml version="1.0" encoding="UTF-8"?>
<!--file template_interrupt_overview_bemf_sdadc.xml                                 -->
<!--brief Embedded Power Modules configuration                                      -->
<!--                                                                                -->
<!--Copyright (c) 2021, Infineon Technologies AG                                    -->
<!--All rights reserved.                                                            -->
<!--                                                                                -->
<!--Redistribution and use in source and binary forms, with or without modification,-->
<!--are permitted provided that the following conditions are met:                   -->
<!--                                                                                -->
<!--  Redistributions of source code must retain the above copyright notice, this   -->
<!--  list of conditions and the following disclaimer.                              -->
<!--                                                                                -->
<!--  Redistributions in binary form must reproduce the above copyright notice,     -->
<!--  this list of conditions and the following disclaimer in the documentation     -->
<!--  and/or other materials provided with the distribution.                        -->
<!--                                                                                -->
<!--  Neither the name of the copyright holders nor the names of its contributors   -->
<!--  may be used to endorse or promote products derived from this software without -->
<!--  specific prior written permission.                                            -->
<!--                                                                                -->
<!--THIS SOFTWARE IS PROVIDED BY THE COPYRIGHT HOLDERS AND CONTRIBUTORS "AS IS" AND -->
<!--ANY EXPRESS OR IMPLIED WARRANTIES, INCLUDING, BUT NOT LIMITED TO, THE IMPLIED   -->
<!--WARRANTIES OF MERCHANTABILITY AND FITNESS FOR A PARTICULAR PURPOSE ARE          -->
<!--DISCLAIMED. IN NO EVENT SHALL THE COPYRIGHT HOLDER OR CONTRIBUTORS BE LIABLE    -->
<!--FOR ANY DIRECT, INDIRECT, INCIDENTAL, SPECIAL, EXEMPLARY, OR CONSEQUENTIAL      -->
<!--DAMAGES (INCLUDING, BUT NOT LIMITED TO, PROCUREMENT OF SUBSTITUTE GOODS OR      -->
<!--SERVICES; LOSS OF USE, DATA, OR PROFITS; OR BUSINESS INTERRUPTION) HOWEVER      -->
<!--CAUSED AND ON ANY THEORY OF LIABILITY, WHETHER IN CONTRACT, STRICT LIABILITY,   -->
<!--OR TORT (INCLUDING NEGLIGENCE OR OTHERWISE) ARISING IN ANY WAY OUT OF THE USE   -->
<!--OF THIS SOFTWARE, EVEN IF ADVISED OF THE POSSIBILITY OF SUCH DAMAGE.            -->
<!--                                                                                -->
<!--********************************************************************************-->
<!--        Infineon Embedded Power Family TLE989x Module Configuration File        -->
<!--********************************************************************************-->
<!--                                                                                -->
<!--********************************************************************************-->
<!--                               Author(s) Identity                               -->
<!--********************************************************************************-->
<!--   Initials     Name                                                            -->
<!--   DM           Daniel Mysliwitz                                                -->
<!--   JO           Julia Ott                                                       -->
<!--   BG           Blandine Guillot                                                -->
<!--********************************************************************************-->
<!--                                                                                -->
<!--********************************************************************************-->
<!--                            Revision Control History                            -->
<!--********************************************************************************-->
<!-- V0.0.1: 2020-09-11, JO:   Initial version                                      -->
<!-- V0.1.0: 2020-10-23, BG:   EP-482: Added doctype and checksum                   -->
<!-- V0.2.0: 2020-12-03, BG:   EP-599: Added startcond and cond for devices with or -->
<!--                           without SDADC                                        -->
<!-- V0.2.1: 2021-02-08, BG:   EP-690: Updated CW minimal version to 2.6.2          -->
<!-- V0.3.0: 2021-03-09, JO:   EP-734: Updated CW minimal version to 2.6.3,         -->
<!--                           Added usage of setdefine feature that was introduced -->
<!--                           in Config Wizard version 2.6.3                       -->
<!--********************************************************************************-->
<ifxmlcfg version="2.6.3">
  <checksum>22f3d4f304c83ae9f33df2c8e8f0286159716a75c0371ff51c3ff7d02021b2f5</checksum>
  <version label="V0.3.0"/>
  <svd file="tle989x.svd"/>
  <usesPython/>
  <verticalcontainer size="800;-1" stretch="2">
    <text label="Configured Interrupts of Nodes 18, 19"/>
    <verticalcontainer label="Timer and Math" visible="false">
      <timer visible="true" define="BEMF_SDADC_FILL_INT_OVERVIEW" interval="1" singleShot="1" run="0">
        <action event="changed" cmd="setDef" data="RO_BDRV.PH1_ZC_RISE_CALLBACK=BDRV.PH1_ZC_RISE_CALLBACK"/>
        <action event="changed" cmd="setDef" data="RO_BDRV.PH1_ZC_FALL_CALLBACK=BDRV.PH1_ZC_FALL_CALLBACK"/>
        <action event="changed" cmd="setDef" data="RO_BDRV.PH2_ZC_RISE_CALLBACK=BDRV.PH2_ZC_RISE_CALLBACK"/>
        <action event="changed" cmd="setDef" data="RO_BDRV.PH2_ZC_FALL_CALLBACK=BDRV.PH2_ZC_FALL_CALLBACK"/>
        <action event="changed" cmd="setDef" data="RO_BDRV.PH3_ZC_RISE_CALLBACK=BDRV.PH3_ZC_RISE_CALLBACK"/>
        <action event="changed" cmd="setDef" data="RO_BDRV.PH3_ZC_FALL_CALLBACK=BDRV.PH3_ZC_FALL_CALLBACK"/>
        <action cond="UC_FEATURE_SDADC==1" event="changed" cmd="setDef" data="RO_SDADC.RES0_CALLBACK=SDADC.RES0_CALLBACK"/>
        <action cond="UC_FEATURE_SDADC==1" event="changed" cmd="setDef" data="RO_SDADC.CMP0_UP_CALLBACK=SDADC.CMP0_UP_CALLBACK"/>
        <action cond="UC_FEATURE_SDADC==1" event="changed" cmd="setDef" data="RO_SDADC.CMP0_LO_CALLBACK=SDADC.CMP0_LO_CALLBACK"/>
        <action cond="UC_FEATURE_SDADC==1" event="changed" cmd="setDef" data="RO_SDADC.RES1_CALLBACK=SDADC.RES1_CALLBACK"/>
        <action cond="UC_FEATURE_SDADC==1" event="changed" cmd="setDef" data="RO_SDADC.CMP1_UP_CALLBACK=SDADC.CMP1_UP_CALLBACK"/>
        <action cond="UC_FEATURE_SDADC==1" event="changed" cmd="setDef" data="RO_SDADC.CMP1_LO_CALLBACK=SDADC.CMP1_LO_CALLBACK"/>
      </timer>
      <math formula="BDRV.PH1_ZC_RISE_INT_EN"><action event="changed" cmd="setDef" data="BDRV.PH1_ZC_RISE_INT_BOX.visible=BDRV.PH1_ZC_RISE_INT_EN"/></math>
      <math formula="BDRV.PH1_ZC_FALL_INT_EN"><action event="changed" cmd="setDef" data="BDRV.PH1_ZC_FALL_INT_BOX.visible=BDRV.PH1_ZC_FALL_INT_EN"/></math>
      <math formula="BDRV.PH2_ZC_RISE_INT_EN"><action event="changed" cmd="setDef" data="BDRV.PH2_ZC_RISE_INT_BOX.visible=BDRV.PH2_ZC_RISE_INT_EN"/></math>
      <math formula="BDRV.PH2_ZC_FALL_INT_EN"><action event="changed" cmd="setDef" data="BDRV.PH2_ZC_FALL_INT_BOX.visible=BDRV.PH2_ZC_FALL_INT_EN"/></math>
      <math formula="BDRV.PH3_ZC_RISE_INT_EN"><action event="changed" cmd="setDef" data="BDRV.PH3_ZC_RISE_INT_BOX.visible=BDRV.PH3_ZC_RISE_INT_EN"/></math>
      <math formula="BDRV.PH3_ZC_FALL_INT_EN"><action event="changed" cmd="setDef" data="BDRV.PH3_ZC_FALL_INT_BOX.visible=BDRV.PH3_ZC_FALL_INT_EN"/></math>
    </verticalcontainer>
    <verticalcontainer startcond="UC_FEATURE_SDADC==1" label="Timer and Math" visible="false">
      <math formula="SDADC.RES0_INT_EN"><action event="changed" cmd="setDef" data="SDADC.RES0_INT_BOX.visible=SDADC.RES0_INT_EN"/></math>
      <math formula="SDADC.CMP0_UP_INT_EN"><action event="changed" cmd="setDef" data="SDADC.CMP0_UP_INT_BOX.visible=SDADC.CMP0_UP_INT_EN"/></math>
      <math formula="SDADC.CMP0_LO_INT_EN"><action event="changed" cmd="setDef" data="SDADC.CMP0_LO_INT_BOX.visible=SDADC.CMP0_LO_INT_EN"/></math>
      <math formula="SDADC.RES1_INT_EN"><action event="changed" cmd="setDef" data="SDADC.RES1_INT_BOX.visible=SDADC.RES1_INT_EN"/></math>
      <math formula="SDADC.CMP1_UP_INT_EN"><action event="changed" cmd="setDef" data="SDADC.CMP1_UP_INT_BOX.visible=SDADC.CMP1_UP_INT_EN"/></math>
      <math formula="SDADC.CMP1_LO_INT_EN"><action event="changed" cmd="setDef" data="SDADC.CMP1_LO_INT_BOX.visible=SDADC.CMP1_LO_INT_EN"/></math>
    </verticalcontainer>
    <!-- Timer and Math -->
    <verticalcontainer label="Interrupt Overview BEMF">
      <horizontalcontainer>
        <text size="200;-1" label="Interrupt"/>
        <text size="75;-1" label="Int. Node"/>
        <text size="75;-1" label="Enable"/>
        <text size="400;-1" label="Callback function"/>
      </horizontalcontainer>
      <horizontalcontainer define="BDRV.PH1_ZC_RISE_INT_BOX" visible="false">
        <text size="200;-1" label="BEMF Phase1 Zero Crossing Rising"/>
        <math size="75;-1" formula="SCU.INP3.INP_BEMF0+18"/>
        <math size="75;-1" formula="BDRV.BEMFC_IRQEN.PH1_ZCRISE_IEN"/>
        <edit size="400;-1" define="RO_BDRV.PH1_ZC_RISE_CALLBACK" svd="0" readonly="1" default=""/>
      </horizontalcontainer>
      <horizontalcontainer define="BDRV.PH1_ZC_FALL_INT_BOX" visible="false">
        <text size="200;-1" label="BEMF Phase1 Zero Crossing Falling"/>
        <math size="75;-1" formula="SCU.INP3.INP_BEMF0+18"/>
        <math size="75;-1" formula="BDRV.BEMFC_IRQEN.PH1_ZCFALL_IEN"/>
        <edit size="400;-1" define="RO_BDRV.PH1_ZC_FALL_CALLBACK" svd="0" readonly="1" default=""/>
      </horizontalcontainer>
      <horizontalcontainer define="BDRV.PH2_ZC_RISE_INT_BOX" visible="false">
        <text size="200;-1" label="BEMF Phase2 Zero Crossing Rising"/>
        <math size="75;-1" formula="SCU.INP3.INP_BEMF1+18"/>
        <math size="75;-1" formula="BDRV.BEMFC_IRQEN.PH2_ZCRISE_IEN"/>
        <edit size="400;-1" define="RO_BDRV.PH2_ZC_RISE_CALLBACK" svd="0" readonly="1" default=""/>
      </horizontalcontainer>
      <horizontalcontainer define="BDRV.PH2_ZC_FALL_INT_BOX" visible="false">
        <text size="200;-1" label="BEMF Phase2 Zero Crossing Falling"/>
        <math size="75;-1" formula="SCU.INP3.INP_BEMF1+18"/>
        <math size="75;-1" formula="BDRV.BEMFC_IRQEN.PH2_ZCFALL_IEN"/>
        <edit size="400;-1" define="RO_BDRV.PH2_ZC_FALL_CALLBACK" svd="0" readonly="1" default=""/>
      </horizontalcontainer>
      <horizontalcontainer define="BDRV.PH3_ZC_RISE_INT_BOX" visible="false">
        <text size="200;-1" label="BEMF Phase3 Zero Crossing Rising"/>
        <math size="75;-1" formula="SCU.INP3.INP_BEMF2+18"/>
        <math size="75;-1" formula="BDRV.BEMFC_IRQEN.PH3_ZCRISE_IEN"/>
        <edit size="400;-1" define="RO_BDRV.PH3_ZC_RISE_CALLBACK" svd="0" readonly="1" default=""/>
      </horizontalcontainer>
      <horizontalcontainer define="BDRV.PH3_ZC_FALL_INT_BOX" visible="false">
        <text size="200;-1" label="BEMF Phase3 Zero Crossing Falling"/>
        <math size="75;-1" formula="SCU.INP3.INP_BEMF2+18"/>
        <math size="75;-1" formula="BDRV.BEMFC_IRQEN.PH3_ZCFALL_IEN"/>
        <edit size="400;-1" define="RO_BDRV.PH3_ZC_FALL_CALLBACK" svd="0" readonly="1" default=""/>
      </horizontalcontainer>
    </verticalcontainer>
    <verticalcontainer startcond="UC_FEATURE_SDADC==1" label="Interrupt Overview SDADC">
      <horizontalcontainer define="SDADC.RES0_INT_BOX" visible="false">
        <text size="200;-1" label="SDADC Result0 "/>
        <math size="75;-1" formula="SCU.INP3.INP_SDADC0+18"/>
        <math size="75;-1" formula="SDADC.IEN.RES0_EN"/>
        <edit size="400;-1" define="RO_SDADC.RES0_CALLBACK" svd="0" readonly="1" default=""/>
      </horizontalcontainer>
      <horizontalcontainer define="SDADC.CMP0_UP_INT_BOX" visible="false">
        <text size="200;-1" label="SDADC Result0 upper threshold"/>
        <math size="75;-1" formula="SCU.INP3.INP_SDADC0+18"/>
        <math size="75;-1" formula="SDADC.IEN.CMP0_UP_EN"/>
        <edit size="400;-1" define="RO_SDADC.CMP0_UP_CALLBACK" svd="0" readonly="1" default=""/>
      </horizontalcontainer>
      <horizontalcontainer define="SDADC.CMP0_LO_INT_BOX" visible="false">
        <text size="200;-1" label="SDADC Result0 lower threshold"/>
        <math size="75;-1" formula="SCU.INP3.INP_SDADC0+18"/>
        <math size="75;-1" formula="SDADC.IEN.CMP0_LO_EN"/>
        <edit size="400;-1" define="RO_SDADC.CMP0_LO_CALLBACK" svd="0" readonly="1" default=""/>
      </horizontalcontainer>
      <horizontalcontainer define="SDADC.RES1_INT_BOX" visible="false">
        <text size="200;-1" label="SDADC Result1"/>
        <math size="75;-1" formula="SCU.INP3.INP_SDADC1+18"/>
        <math size="75;-1" formula="SDADC.IEN.RES1_EN"/>
        <edit size="400;-1" define="RO_SDADC.RES1_CALLBACK" svd="0" readonly="1" default=""/>
      </horizontalcontainer>
      <horizontalcontainer define="SDADC.CMP1_UP_INT_BOX" visible="false">
        <text size="200;-1" label="SDADC Result1 upper threshold"/>
        <math size="75;-1" formula="SCU.INP3.INP_SDADC1+18"/>
        <math size="75;-1" formula="SDADC.IEN.CMP1_UP_EN"/>
        <edit size="400;-1" define="RO_SDADC.CMP1_UP_CALLBACK" svd="0" readonly="1" default=""/>
      </horizontalcontainer>
      <horizontalcontainer define="SDADC.CMP1_LO_INT_BOX" visible="false">
        <text size="200;-1" label="SDADC Result1 lower threshold"/>
        <math size="75;-1" formula="SCU.INP3.INP_SDADC1+18"/>
        <math size="75;-1" formula="SDADC.IEN.CMP1_LO_EN"/>
        <edit size="400;-1" define="RO_SDADC.CMP1_LO_CALLBACK" svd="0" readonly="1" default=""/>
      </horizontalcontainer>
    </verticalcontainer>
    <!-- Interrupt Overview -->
  </verticalcontainer>
</ifxmlcfg>
