<?xml version="1.0" encoding="UTF-8" ?>
<!--file template_adc2_channel_class.xml                                            -->
<!--brief Embedded Power Modules configuration                                      -->
<!--                                                                                -->
<!--Copyright (c) 2021, Infineon Technologies AG                                    -->
<!--All rights reserved.                                                            -->
<!--                                                                                -->
<!--Redistribution and use in source and binary forms, with or without modification,-->
<!--are permitted provided that the following conditions are met:                   -->
<!--                                                                                -->
<!--  Redistributions of source code must retain the above copyright notice, this   -->
<!--  list of conditions and the following disclaimer.                              -->
<!--                                                                                -->
<!--  Redistributions in binary form must reproduce the above copyright notice,     -->
<!--  this list of conditions and the following disclaimer in the documentation     -->
<!--  and/or other materials provided with the distribution.                        -->
<!--                                                                                -->
<!--  Neither the name of the copyright holders nor the names of its contributors   -->
<!--  may be used to endorse or promote products derived from this software without -->
<!--  specific prior written permission.                                            -->
<!--                                                                                -->
<!--THIS SOFTWARE IS PROVIDED BY THE COPYRIGHT HOLDERS AND CONTRIBUTORS "AS IS" AND -->
<!--ANY EXPRESS OR IMPLIED WARRANTIES, INCLUDING, BUT NOT LIMITED TO, THE IMPLIED   -->
<!--WARRANTIES OF MERCHANTABILITY AND FITNESS FOR A PARTICULAR PURPOSE ARE          -->
<!--DISCLAIMED. IN NO EVENT SHALL THE COPYRIGHT HOLDER OR CONTRIBUTORS BE LIABLE    -->
<!--FOR ANY DIRECT, INDIRECT, INCIDENTAL, SPECIAL, EXEMPLARY, OR CONSEQUENTIAL      -->
<!--DAMAGES (INCLUDING, BUT NOT LIMITED TO, PROCUREMENT OF SUBSTITUTE GOODS OR      -->
<!--SERVICES; LOSS OF USE, DATA, OR PROFITS; OR BUSINESS INTERRUPTION) HOWEVER      -->
<!--CAUSED AND ON ANY THEORY OF LIABILITY, WHETHER IN CONTRACT, STRICT LIABILITY,   -->
<!--OR TORT (INCLUDING NEGLIGENCE OR OTHERWISE) ARISING IN ANY WAY OUT OF THE USE   -->
<!--OF THIS SOFTWARE, EVEN IF ADVISED OF THE POSSIBILITY OF SUCH DAMAGE.            -->
<!--                                                                                -->
<!--********************************************************************************-->
<!--        Infineon Embedded Power Family TLE989x Module Configuration File        -->
<!--********************************************************************************-->
<!--                                                                                -->
<!--********************************************************************************-->
<!--                               Author(s) Identity                               -->
<!--********************************************************************************-->
<!--   Initials     Name                                                            -->
<!--   DM           Daniel Mysliwitz                                                -->
<!--   JO           Julia Ott                                                       -->
<!--   BG           Blandine Guillot                                                -->
<!--********************************************************************************-->
<!--                                                                                -->
<!--********************************************************************************-->
<!--                            Revision Control History                            -->
<!--********************************************************************************-->
<!-- V0.0.1: 2020-10-23, DM:   Initial version                                      -->
<!--********************************************************************************-->

<!-- Channel Class Template -->
<!-- Parameter: -->
<!--   IDX: channel class index, range 0..3 --> 
<!--   DEFSTC: default STC value, 4..60 -->
<ifxmlcfg version="2.6.2">
    <checksum>1ebb1a74aa51c8dd4c978d002a3083b0cf3a7b86a76a860c18579607cf368c70</checksum>
    <version label="V0.0.1"/>
    <svd file="tle989x.svd"/>
    <usesPython/>
    <treecontainer headerlabels="Item;Value;" label="Class $IDX$" desc="Channel Class $IDX$" columnwidths="300;300">
      <header file="adc2_defines.h">
        <edit label="Category" define="ADC2.CONVCFG$IDX$_CTRY" svd="0" header="temp_defines.h"/>
        <combo label="Sample Time [ticks]" define="ADC2.CONVCFG$IDX$.STC" default="label=$DEFSTC$">
          <item hide="value1"/>
          <item label="4" override="value2"/>
          <item label="8" override="value3"/>
          <item label="12" override="value4"/>
          <item label="16" override="value5"/>
          <item label="20" override="value6"/>
          <item label="24" override="value7"/>
          <item label="28" override="value8"/>
          <item label="32" override="value9"/>
          <item label="36" override="value10"/>
          <item label="40" override="value11"/>
          <item label="44" override="value12"/>
          <item label="48" override="value13"/>
          <item label="52" override="value14"/>
          <item label="56" override="value15"/>
          <item label="60" override="value16"/>
        </combo>
      </header>
    </treecontainer>
</ifxmlcfg>