<?xml version="1.0" encoding="UTF-8" ?>
<!--file template_adc1_channel_class.xml                                            -->
<!--brief Embedded Power Modules configuration                                      -->
<!--                                                                                -->
<!--Copyright (c) 2021, Infineon Technologies AG                                    -->
<!--All rights reserved.                                                            -->
<!--                                                                                -->
<!--Redistribution and use in source and binary forms, with or without modification,-->
<!--are permitted provided that the following conditions are met:                   -->
<!--                                                                                -->
<!--  Redistributions of source code must retain the above copyright notice, this   -->
<!--  list of conditions and the following disclaimer.                              -->
<!--                                                                                -->
<!--  Redistributions in binary form must reproduce the above copyright notice,     -->
<!--  this list of conditions and the following disclaimer in the documentation     -->
<!--  and/or other materials provided with the distribution.                        -->
<!--                                                                                -->
<!--  Neither the name of the copyright holders nor the names of its contributors   -->
<!--  may be used to endorse or promote products derived from this software without -->
<!--  specific prior written permission.                                            -->
<!--                                                                                -->
<!--THIS SOFTWARE IS PROVIDED BY THE COPYRIGHT HOLDERS AND CONTRIBUTORS "AS IS" AND -->
<!--ANY EXPRESS OR IMPLIED WARRANTIES, INCLUDING, BUT NOT LIMITED TO, THE IMPLIED   -->
<!--WARRANTIES OF MERCHANTABILITY AND FITNESS FOR A PARTICULAR PURPOSE ARE          -->
<!--DISCLAIMED. IN NO EVENT SHALL THE COPYRIGHT HOLDER OR CONTRIBUTORS BE LIABLE    -->
<!--FOR ANY DIRECT, INDIRECT, INCIDENTAL, SPECIAL, EXEMPLARY, OR CONSEQUENTIAL      -->
<!--DAMAGES (INCLUDING, BUT NOT LIMITED TO, PROCUREMENT OF SUBSTITUTE GOODS OR      -->
<!--SERVICES; LOSS OF USE, DATA, OR PROFITS; OR BUSINESS INTERRUPTION) HOWEVER      -->
<!--CAUSED AND ON ANY THEORY OF LIABILITY, WHETHER IN CONTRACT, STRICT LIABILITY,   -->
<!--OR TORT (INCLUDING NEGLIGENCE OR OTHERWISE) ARISING IN ANY WAY OUT OF THE USE   -->
<!--OF THIS SOFTWARE, EVEN IF ADVISED OF THE POSSIBILITY OF SUCH DAMAGE.            -->
<!--                                                                                -->
<!--********************************************************************************-->
<!--        Infineon Embedded Power Family TLE989x Module Configuration File        -->
<!--********************************************************************************-->
<!--                                                                                -->
<!--********************************************************************************-->
<!--                               Author(s) Identity                               -->
<!--********************************************************************************-->
<!--   Initials     Name                                                            -->
<!--   DM           Daniel Mysliwitz                                                -->
<!--   JO           Julia Ott                                                       -->
<!--   BG           Blandine Guillot                                                -->
<!--********************************************************************************-->
<!--                                                                                -->
<!--********************************************************************************-->
<!--                            Revision Control History                            -->
<!--********************************************************************************-->
<!-- V0.0.1: 2020-09-11, DM:   Initial version                                      -->
<!-- V0.1.0: 2020-10-23, BG:   EP-482: Added doctype and checksum                   -->
<!-- V0.2.0: 2020-12-16, BG:   EP-647: Restructured module with Python              -->
<!--********************************************************************************-->

<!-- Channel Class Template -->
<!-- Parameter: -->
<!--   IDX: channel class index, range 0..3 -->  

<ifxmlcfg version="2.6.2">
  <checksum>a5328e126e062e13854b14448867344f307589eb55e296bfd15608fc7945adcd</checksum>
  <version label="V0.2.0"/>
  <svd file="tle989x.svd"/>
  <usesPython/>
  <treecontainer headerlabels="Item;Value;" label="Class $IDX$" desc="Channel Class $IDX$" columnwidths="250;300;1">
    <header file="adc1_defines.h">
      <edit label="Category" define="ADC1.CONVCFG$IDX$_CTRY" svd="0" header="temp_defines.h"/>
      <radio define="ADC1.CONVCFG_TCOSSEL$IDX$" svd="0" header="temp_defines.h">
        <radiobutton label="Tracking Conversions" uielement="branch" lockon="ADC1.CONVCFG$IDX$_TCOS=0">
          <combo label="Value" define="ADC1.CONVCFG$IDX$.TCONF">
            <item label="0"/>
            <item label="1"/>
            <item label="3"/>
            <item label="7"/>
          </combo>
        </radiobutton>
        <radiobutton label="Oversampling" uielement="branch" lockon="ADC1.CONVCFG$IDX$_TCOS=1">
          <combo label="Value" define="ADC1.CONVCFG$IDX$.OVERS">
            <item label="0"/>
            <item label="2"/>
            <item label="4"/>
            <item label="8"/>
          </combo>
        </radiobutton>
      </radio>
      <combo label="Sample Time [ticks]" define="ADC1.CONVCFG$IDX$.STC" default="label=5">
        <item label="2" override="value1"/>
        <item label="3" override="value2"/>
        <item label="4" override="value3"/>
        <item label="5" override="value4"/>
        <item label="6" override="value5"/>
        <item label="7" override="value6"/>
        <item label="8" override="value7"/>
        <item label="9" override="value8"/>
        <item label="10" override="value9"/>
        <item label="11" override="value10"/>
        <item label="12" override="value11"/>
        <item label="16" override="value12"/>
        <item label="20" override="value13"/>
        <item label="32" override="value14"/>
        <item label="64" override="value15"/>
        <item label="128" override="value16"/>
      </combo>
      <branch label="Broken Wire Detection">
        <combo label="Detection time [n * tADC1]" define="ADC1.CONVCFG$IDX$.BWD">
          <item label="0"  override="value1"/>
          <item label="4"  override="value2"/>
          <item label="8"  override="value3"/>
          <item label="16" override="value4"/>
        </combo>
        <checkbox label="Enable High Current" define="ADC1.CONVCFG$IDX$.BWD_HI_CUR"/>
      </branch>
      <checkbox label="Post Calibration" define="ADC1.CONVCFG$IDX$.PCAL"/>
      <checkbox label="MSB Doubling" define="ADC1.CONVCFG$IDX$.MSBD"/>
      <checkbox label="Spreaded Early Sample Point" define="ADC1.CONVCFG$IDX$.SESP"/>
    </header>
  </treecontainer>
</ifxmlcfg>
